Project,Commit_Removal,File_Path,SATD_Comment,API_Added,API_Deleted,ISMethodChangedBasedOnAPI,Category
Camel,617a3ed5b2795401a81530a3176bdb0b2be18d50,camel-script/src/main/java/org/apache/camel/builder/script/ScriptBuilder.java,// TODO consider character sets?,java.io.InputStream; java.io.Reader,java.io.File; java.net.URL; org.springframework.core.io.FileSystemResource; org.springframework.core.io.Resource; org.springframework.core.io.UrlResource ,YES,FEATURE CHANGE
Camel,6444aebc6bdd7fece226b78096e46446d8091107,components/camel-web/src/main/java/org/apache/camel/web/resources/RouteResource.java,// TODO replace the Form class with an injected bean?,javax.ws.rs.FormParam,com.sun.jersey.api.representation.Form,NO,
Camel,68403097d1dbc6d2cdf00c20053e3e32c571c877,camel-core/src/main/java/org/apache/camel/management/mbean/ManagedEndpoint.java,// TODO: get from json schema,java.net.URI,,YES,FEATURE CHANGE
Camel,68be7260ab6c9e08c67767178b0aa2a91bb94d06,camel-xmpp/src/main/java/org/apache/camel/component/xmpp/XmppConsumer.java,// TODO: what should we do when a processing failure occurs??,org.jivesoftware.smack.Chat; org.jivesoftware.smack.SmackConfiguration; org.jivesoftware.smackx.muc.DiscussionHistory; org.jivesoftware.smackx.muc.MultiUserChat,java.util.Iterator; org.jivesoftware.smack.packet.RosterPacket,NO,
Camel,68be7260ab6c9e08c67767178b0aa2a91bb94d06,components/camel-xmpp/src/main/java/org/apache/camel/component/xmpp/XmppConsumer.java,// TODO: what to do with a RosterPacket other than debug logging it,org.jivesoftware.smack.Chat; org.jivesoftware.smack.SmackConfiguration; org.jivesoftware.smackx.muc.DiscussionHistory; org.jivesoftware.smackx.muc.MultiUserChat,java.util.Iterator; org.jivesoftware.smack.packet.RosterPacket,YES,FEATURE CHANGE
Camel,69b644cee878e1380e5e241abdc55ae8acd1da55,components/camel-spring/src/main/java/org/apache/camel/spring/CamelContextFactoryBean.java,// do special preparation for some concepts such as interceptors and policies // this is needed as JAXB does not build excaclty the same model definition as Spring DSL would do // using route builders. So we have here a little custom code to fix the JAXB gaps,,java.util.Arrays;java.util.Map,NO,
Camel,6e03fcff6889e3d4d6ac63f4048f251fd334d485,components/camel-jms/src/test/java/org/apache/camel/component/jms/JmsSimpleRequestLateReplyTest.java,// TODO: We should get this late reply to work //assertEquals("Late Reply"; out.getOut().getBody());,javax.jms.Destination; javax.jms.JMSException; javax.jms.TemporaryQueue,,NO,
Camel,6f95bc93bf8c7f8f2934e809c5f1aafea34c76ad,components/camel-jms/src/test/java/org/apache/camel/component/jms/tx/JmsToJmsTransactedTest.java,// TODO: mark rollback only causes Spring TX to not rollback on JMS queue,,org.junit.Ignore,YES,TEST
Camel,6fae1913455279019c2dbcdc1199ab8685feaeba,components/camel-netty-http/src/main/java/org/apache/camel/component/netty/http/handlers/HttpServerMultiplexChannelHandler.java,// TODO: improve matching like we have done in camel-servlet; eg using candidates,java.util.ArrayList; java.util.List;java.util.Iterator,,NO,
Camel,7d7b38b0cacfdce8727af62d44b7fafdc1002627,components/camel-websocket/src/main/java/org/apache/camel/component/websocket/DefaultWebsocket.java,// consumer is not set; this is produce only websocket // TODO - 06.06.2011; LK - deliver exchange to dead letter channel,org.slf4j.Logger; org.slf4j.LoggerFactory,,YES,FEATURE CHANGE
Camel,7e649e72b93b56ecc27fd108a3cf39a20c230531,components/camel-hazelcast/src/test/java/org/apache/camel/component/hazelcast/HazelcastAtomicnumberProducerTest.java,/** will be fixed in next hazelcast version (1.9.3). Mail from Talip (21.02.2011): * * I see. Hazelcast.shutdownAll() should cleanup instances (maps/queues). I just fixed it. * * AtomicNumber.destroy() should also destroy the number and if you call atomicNumber.get() after the destroy it should throw IllegalStateException. It is also fixed. * * set test to true by default. TODO: if we'll get the new hazelcast version I'll fix the test. */",com.hazelcast.core.Hazelcast;,,YES,TEST
Camel,7e649e72b93b56ecc27fd108a3cf39a20c230531,components/camel-hazelcast/src/test/java/org/apache/camel/component/hazelcast/HazelcastAtomicnumberProducerForSpringTest.java,/* * will be fixed in next hazelcast version (1.9.3). Mail from Talip (21.02.2011): * * I see. Hazelcast.shutdownAll() should cleanup instances (maps/queues). I just fixed it. * * AtomicNumber.destroy() should also destroy the number and if you call atomicNumber.get() after the destroy it should throw IllegalStateException. It is also fixed. * * set test to true by default. TODO: if we'll get the new hazelcast version I'll fix the test. */",com.hazelcast.core.Hazelcast;,,YES,TEST
Camel,7f70df09b02c5a95b53bb9351c67ba1c750bbc15,camel-core/src/main/java/org/apache/camel/component/file/strategy/NewMarkerFileExclusiveReadLockStrategy.java,// TODO create the .camelFile,java.io.RandomAccessFile;java.nio.channels.Channel;java.nio.channels.FileChannel;java.nio.channels.FileLock;org.apache.camel.util.ExchangeHelper;org.apache.camel.util.ObjectHelper;org.apache.commons.logging.Log;org.apache.commons.logging.LogFactory,,YES,FEATURE ADDITION
Camel,7f70df09b02c5a95b53bb9351c67ba1c750bbc15,camel-core/src/main/java/org/apache/camel/component/file/strategy/NewFileLockExclusiveReadLockStrategy.java,// TODO: release read lock from above; as we should hold id during processing,java.nio.channels.Channel,,YES,FEATURE ADDITION
Camel,83b170b7550c71cd35e561432ebcfe891e1fabfc,components/camel-saxon/src/test/java/org/apache/camel/component/xquery/XQueryURLBasedConcurrencyTest.java,// TODO: Work in progress,java.util.random,,NO,
Camel,925169017a1e575e63bb9de8fc258ac4c9c196bc,camel-core/src/main/java/org/apache/camel/component/bean/BeanInfo.java,// if the class is not public then fallback and use interface methods if possible // this allow Camel to invoke private beans which implements interfaces,java.util.HashSet; java.util.Set,,YES,FEATURE CHANGE
Camel,930d4fe62acb203ded8f8ed21aa5fcc0aa0cb3ca,tests/camel-itest-karaf/src/test/java/org/apache/camel/itest/karaf/CamelIgniteTest.java,// TODO: we need to install some ignite stuff first (see the info of camel feature),java.net.URI,org.junit.Ignore,YES,TEST
Camel,95ceac0508209134eb6b9d6141c5bdce145e490b,camel-core/src/main/java/org/apache/camel/builder/xpath/MessageVariableResolver.java,// should we use other namespaces maybe?,org.apache.commons.logging.Log; org.apache.commons.loggings.LogFactory; java.util.HashMap; java.util.Map,,NO,
Camel,99e8e3c9acecf238d13a5551d113a29e30898b3e,camel-core/src/main/java/org/apache/camel/component/file/GenericFile.java,// relative name is a bit more complex to set as newName itself can contain // folders we need to consider as well,java.io.IOException,,NO,
Camel,9a9e8041610ec05e9a35987ed6b748c4de341901,components/camel-mail/src/main/java/org/apache/camel/component/mail/MailBinding.java,// TODO: Use spring mail support to add the attachment,,java.util.Set,NO,
Camel,e3d6ef4b822ba5b684f42a73fe2a2d6355f850ba,tooling/maven/camel-package-maven-plugin/src/main/java/org/apache/camel/maven/packaging/PackageDataFormatMojo.java,// TODO: find model from camel-core and enrich to generate a .json,java.io.FileOutputStream; java.io.InputStream; java.net.URL; java.net.URLClassLoader; java.util.Iterator; org.apache.maven.artifact.Artifact,,YES,FEATURE ADDITION
Camel,e5c2ffb046b123597d227e72b0316a90868bbf8a,components/camel-swagger-java/src/main/java/org/apache/camel/swagger/RestSwaggerReader.java,// TODO: should be base path and a lot more,io.swagger.jaxrs.config.BeanConfig; io.swagger.models.parameters.BodyParameter; io.swagger.models.parameters.FormParameter; io.swagger.models.parameters.HeaderParameter; io.swagger.models.parameters.Parameter; io.swagger.models.parameters.PathParameter; io.swagger.models.parameters.QueryParameter,io.swagger.config.SwaggerConfig,NO,
Camel,ebaa0213788bd40edc39cf20e59352caab2fcbc3,components/camel-websocket/src/main/java/org/apache/camel/component/websocket/WebsocketComponent.java,// TODO - chm - 25/05 // Why do we have to do a setConsumer on the Servlet ?,,java.io.IOException; java.lang.reflect.Constructor; java.net.URI; java.security.GeneralSecurityException; java.servlet.Servlet ,NO,
Camel,efefba426ad9635332e185b743954dddcc441d39,camel-jms/src/main/java/org/apache/camel/component/jms/JmsConfiguration.java,// TODO we could allow a spring container to auto-inject these objects?,,javax.jms.TopicPublisher; org.springframework.jms.core.JmsTemplate102;org.springframework.jms.listener.DefaultMessageListenerContainer102;  org.springframework.jms.listener.SimpleMessageListenerContainer102,YES,COMPATIBILITY
Camel,f138f4564d588c7b65f10c04181a70858cea3f6f,components/camel-crypto/src/main/java/org/apache/camel/converter/crypto/PGPDataFormat.java,//TODO why do we need a byte array input stream? --> streaming not possible?,java.io.ByteArrayOutputStream,java.io.ByteArrayInputStream; org.apache.commons.io.IOUtils; org.bouncycastle.util.io.Streams,YES,FEATURE CHANGE
Camel,f138f4564d588c7b65f10c04181a70858cea3f6f,components/camel-crypto/src/main/java/org/apache/camel/converter/crypto/PGPDataFormat.java,//TODO we should enable streaming here with CashedOutputStream!!,java.io.ByteArrayOutputStream,java.io.ByteArrayInputStream; org.apache.commons.io.IOUtils; org.bouncycastle.util.io.Streams,YES,FEATURE CHANGE
Camel,f599b0649a49dbbaf02e7fb299228054921f99cb,camel-core/src/main/java/org/apache/camel/processor/DeadLetterChannel.java,// if the exchange is transacted then let the underlying system handle the redelivery etc. // this DeadLetterChannel is only for non transacted exchanges // TODO: Should be possible to remove with Claus got the TX error handler sorted,,org.apache.commons.logging.Log; org.apache.commons.logging.LogFactory,NO,
Camel,f599b0649a49dbbaf02e7fb299228054921f99cb,camel-core/src/main/java/org/apache/camel/processor/DeadLetterChannel.java,// if the exchange is transacted then let the underlying system handle the redelivery etc. // this DeadLetterChannel is only for non transacted exchanges // TODO: Should be possible to remove with Claus got the TX error handler sorted,,org.apache.commons.logging.Log; org.apache.commons.logging.LogFactory,NO,
Camel,f6525494a0890a9feb6ca0107d4e1a336e5e9cb7,camel-core/src/main/java/org/apache/camel/management/mbean/ManagedDataFormat.java,// TODO: not yet implemented,java.util.List; java.util.Map; javax.management.openmbean.CompositeData; javax.management.openmbean.CompositeDataSupport; javax.management.openmbean.CompositeType; javax.management.openmbean.TabularDataSupport,,YES,FEATURE ADDITION
Camel,f6cefc74e6455593a9f64f79c9218de0a4f44e1d,components/camel-elsql/src/main/java/org/apache/camel/component/elsql/ElsqlEndpoint.java,// TODO: must be named, org.springframework.jdbc.core.JdbcTemplate,,YES,FEATURE ADDITION
Camel,fa8ff446cce84d236b7310c70a9191f85529a886,components/camel-cxf/src/main/java/org/apache/camel/component/cxf/CxfSoapBinding.java,//TODO use the type converter to do this kind of thing,org.apache.commons.logging.Log; org.apache.commons.logging.LogFactory,,NO,
Camel,fcd2accf2d9417531a19bd0d6527b60001b83f6a,camel-core/src/main/java/org/apache/camel/converter/jaxp/StaxConverter.java,//FIXME - if not woodstox; this will likely not work well //likely should copy CXF's W3CDOM stuff,,javax.xml.transform.dom.DOMResult; javax.xml.transform.dom.DOMSource,YES,MAINTAINABILITY
Camel,ff5c824476fbf30fd1394439e93a870f4b6e5411,camel-core/src/main/java/org/apache/camel/component/file/FileComponent.java,// TODO: CAMEL-1112 having out-of-box sorters for by name; by filestamp; etc.; maybe even a reverse order,java.util.Iterator,,YES,FEATURE ADDITION
Camel,ffda80ee7a1c9305050071f2207a7c2905069f47,components/camel-google-drive/src/test/java/org/apache/camel/component/google/drive/DriveFilesIntegrationTest.java,// TODO provide parameter values for copy,java.util.Iterator; com.google.api.client.http.FileContent;com.google.api.client.util.DateTime;  com.google.api.services.drive.model.File;  com.google.api.services.drive.model.FileList,,YES,TEST
Camel,ffda80ee7a1c9305050071f2207a7c2905069f47,components/camel-google-drive/src/test/java/org/apache/camel/component/google/drive/DriveFilesIntegrationTest.java,// TODO provide parameter values for delete,java.util.Iterator; com.google.api.client.http.FileContent;com.google.api.client.util.DateTime;  com.google.api.services.drive.model.File;  com.google.api.services.drive.model.FileList,,YES,TEST
Camel,ffda80ee7a1c9305050071f2207a7c2905069f47,components/camel-google-drive/src/test/java/org/apache/camel/component/google/drive/DriveFilesIntegrationTest.java,// TODO provide parameter values for get,java.util.Iterator; com.google.api.client.http.FileContent;com.google.api.client.util.DateTime;  com.google.api.services.drive.model.File;  com.google.api.services.drive.model.FileList,,YES,TEST
Camel,ffda80ee7a1c9305050071f2207a7c2905069f47,components/camel-google-drive/src/test/java/org/apache/camel/component/google/drive/DriveFilesIntegrationTest.java,// TODO provide parameter values for insert,java.util.Iterator; com.google.api.client.http.FileContent;com.google.api.client.util.DateTime;  com.google.api.services.drive.model.File;  com.google.api.services.drive.model.FileList,,YES,TEST
Camel,ffda80ee7a1c9305050071f2207a7c2905069f47,components/camel-google-drive/src/test/java/org/apache/camel/component/google/drive/DriveFilesIntegrationTest.java,// TODO provide parameter values for patch,java.util.Iterator; com.google.api.client.http.FileContent;com.google.api.client.util.DateTime;  com.google.api.services.drive.model.File;  com.google.api.services.drive.model.FileList,,NO,
Camel,ffda80ee7a1c9305050071f2207a7c2905069f47,components/camel-google-drive/src/test/java/org/apache/camel/component/google/drive/DriveFilesIntegrationTest.java,// TODO provide parameter values for touch,java.util.Iterator; com.google.api.client.http.FileContent;com.google.api.client.util.DateTime;  com.google.api.services.drive.model.File;  com.google.api.services.drive.model.FileList,,YES,TEST
Camel,ffda80ee7a1c9305050071f2207a7c2905069f47,components/camel-google-drive/src/test/java/org/apache/camel/component/google/drive/DriveFilesIntegrationTest.java,// TODO provide parameter values for trash,java.util.Iterator; com.google.api.client.http.FileContent;com.google.api.client.util.DateTime;  com.google.api.services.drive.model.File;  com.google.api.services.drive.model.FileList,,YES,TEST
Camel,073a062146e15a3c21c66e3886ea28d10dc49be4,components/camel-spring-integration/src/main/java/org/apache/camel/component/spring/integration/SpringIntegrationConsumer.java,//TODO We need to clean the channel when shutdown the endpoint,org.springframework.integration.channel.BeanFactoryChannelResolver; org.springframework.integration.channel.ChannelResolver; org.springframework.integration.channel.DirectChannel;  org.springframework.integration.core.Message;  org.springframework.integration.core.MessageChannel;  org.springframework.integration.core.MessageHandler,org.springframework.integration.channel.ChannelRegistry; org.springframework.integration.channel.MessageChannel; org.springframework.integration.config.MessageBusParser,NO,
Camel,10632b64bd6364652867951f9389867c43a613bd,components/camel-http/src/main/java/org/apache/camel/component/http/HttpProducer.java,// TODO we might be PUT? - have some better way to explicitly choose method,java.io.BufferedInputStream; java.io.ByteArrayInputStream; java.io.UnsupportedEncodingException; java.util.Arrays; java.util.HashSet; java.util.Set; org.apache.commons.httpclient.methods.EntityEnclosingMethod; org.apache.commons.httpclient.methods.StringRequestEntity; org.apache.commons.io.IOUtils,org.apache.commons.httpclient.methods.ByteArrayRequestEntity; org.apache.commons.httpclient.methods.GetMethod; org.apache.commons.httpclient.methods.PostMethod ,NO,
Camel,108cb196c25758d2e387f748df1cfd63ec416ca7,components/camel-cxf/src/main/java/org/apache/camel/component/cxf/CxfSoapConsumer.java,// TODO: chain.onMessage();,java.io.InputStream; java.io.OutputStream; javax.xml.namespace.QName; javax.xml.transform.Source; org.apache.cxf.frontend.ServerFactoryBean; org.apache.cxf.transport.Conduit; org.apache.cxf.interceptor.InterceptorChain; org.apache.cxf.interceptor.OutgoingChainInterceptor; org.apache.cxf.io.CachedOutputStream; org.apache.cxf.message.ExchangeImpl; org.apache.cxf.message.MessageImpl,,NO,
Camel,11594acbcb63921e00208b3f453723d98e246693,camel-spring/src/main/java/org/apache/camel/spring/SpringInjector.java,// TODO now lets inject spring...,org.springframework.context.support.AbstractRefreshableApplicationContext; org.springframework.beans.factory.wiring.BeanConfigurerSupport; org.springframework.beans.factory.config.AutowireCapableBeanFactory,,YES,FEATURE CHANGE
Camel,165e284cd92d8dd146ac2d0a18b0c72dd112d18b,camel-core/src/main/java/org/apache/camel/processor/MulticastProcessor.java,//TODO: make a dynamic countdown latch to avoid having to convert back to list,java.util.LinkedList,java.util.concurrent.CountDownLatch,YES,FEATURE CHANGE
Camel,1817a41ea9165453bd8904498a4ed5c2a20e81a0,components/camel-swagger-java/src/main/java/org/apache/camel/swagger/RestSwaggerReader.java,// TODO: like response object with type refer to model,io.swagger.models.RefModel; io.swagger.models.properties.Property,,YES,FEATURE CHANGE
Camel,1acfe6e75143fa66320db1fd2159f7a4fd008b94,components/camel-google-drive/src/test/java/org/apache/camel/component/google/drive/DriveChangesIntegrationTest.java,// TODO provide parameter values for get,java.util.List,java.util.HashMap; java.util.Map; org.junit.Ignore,YES,TEST
Camel,1e4008fe1ae98f1feff6b027135c662a8908935f,components/camel-cxf/src/main/java/org/apache/camel/component/cxf/CxfProducer.java,// TODO: this method should probably be more strict and validate (CAMEL-2195),javax.xml.ws.Holder; org.apache.cxf.binding.soap.model.SoapHeaderInfo; org.apache.cxf.service.model.BindingMessageInfo,,YES,FEATURE CHANGE
Camel,20845dffc73e0d0b1cba1e3d8221ebb7b72f8a2b,examples/camel-example-cxf-async/src/main/java/org/apache/camel/example/client/CamelClient.java,// must add to a list otherwise CXF cannot send data // TODO: camel-cxf should be able to do this itself without me having to create a List object,,java.util.ArrayList; java.util.List,YES,MAINTAINABILITY
Camel,226c94fba0b3a4eca7917f4f09b33e39ebfe84b1,tests/camel-itest-osgi/src/test/java/org/apache/camel/itest/osgi/ftp/FtpTest.java,// TODO: our app need to import the FTP server stuff,,org.apache.karaf.testing.Helper; org.ops4j.pax.exam.container.def.PaxRunnerOptions.workingDirectory ,NO,
Camel,27102fc06acfdacef219c79f7b9dd89fe29a08bb,camel-spring/src/main/java/org/apache/camel/spring/CamelBeanDefinitionParser.java,// TODO: we could support arrays one day soon.,java.lang.reflect.Array; org.springframework.beans.SimpleTypeConverter;,,YES,MAINTAINABILITY
Camel,2769e1506a56af6944ab1bb0c2a3118b815a0c09,,// TODO: Use a buffer to write faster instead of looping one char at a time,java.util.zip.GZIPOutputStream,,NO,
Camel,34230db8d5a4518eff8eeaf575333f6696339e74,tooling/apt/src/main/java/org/apache/camel/tools/apt/EndpointAnnotationProcessor.java,// TODO would be nice here to create a default endpoint/consumer object // and return the default value of the field so we can put it into the docs,java.util.LinkedHashSet,java.util.ArrayList; java.util.Map;java.util.SortedMap; java.util.TreeMap,YES,FEATURE CHANGE
Camel,36f97b8fc034ccdde887c9155b7b3be2d9d8cb98,camel-core/src/main/java/org/apache/camel/processor/aggregate/AggregateProcessor.java,// TODO: if we are completed from batch consumer then they should all complete (trigger that like timeout map),java.util.LinkedHashSet,,YES,FEATURE CHANGE
Camel,3aa4782d3e6ffcc0dfdcdfe7c833ad309ac18c52,components/camel-blueprint/src/main/java/org/apache/camel/blueprint/handler/CamelNamespaceHandler.java,// // gnodet: the initialization of the CamelContextFactoryBean is now done at the end of the blueprint //    container creation through the use of a ComponentDefinitionRegistryProcessor (those are called //    after all the beans have been initialized.  That's why the calls to #afterPropertiesSet and //    #init are commented. //       This mechanism is now required because the #afterPropertiesSet method on the CamelContext //    will search through the blueprint beans for beans implementing known interfaces such as //    LifeCycle strategies; etc... so that they are automatically wired to the CamelContext. //    However; Blueprint does not support real factories; so in order to do so; we need to actually //    access the beans which lead to a circular exception while looking for the CamelContext itself. //,org.apache.aries.blueprint.BeanProcessor;  org.apache.aries.blueprint.mutable.MutableRefMetadata; org.apache.aries.blueprint.mutable.MutableValueMetadata; org.osgi.service.blueprint.reflect.BeanMetadata; org.osgi.service.blueprint.reflect.RefMetadata; org.osgi.service.blueprint.reflect.ValueMetadata,,NO,
Camel,3b6fdf1f67f949b7636b30ba6f5a0ea522f3e293,camel-core/src/main/java/org/apache/camel/impl/RouteService.java,// TODO: We should also consider processors which are not services then we can manage all processors as well // otherwise its only the processors which is a Service,java.util.LinkedHashSet; java.util.Set,,YES,MAINTAINABILITY
Camel,3f905d405d32e46a4d8922ce30871d860314084c,components/camel-jetty/src/test/java/org/apache/camel/component/jetty/jettyproducer/HttpJettyProducerTwoParametersWithSameKeyTest.java,// TODO: Http/Jetty should support headers with multiple values,java.util.ArrayList; java.util.List,javax.servlet.http.HttpServletRequest,YES,FEATURE CHANGE
Camel,4fa04b3466706e2007b8c14cc97f7104a48d505b,camel-cxf/src/main/java/org/apache/camel/component/cxf/CxfComponent.java,// TODO this is a hack!!!,,java.net.URI; org.apache.cfx.Bus; org.apache.cxf.BusException; org.apache.cxf.bus.CXFBusFactory; org.apache.cxf.service.model.EndpointInfo; org.apache.cxf.transport.DestinationFactoryManager; org.apache.cxf.transport.local.LocalTransportFactory; org.xmlsoap.schemas.wsdl.http.AddressType,YES,MAINTAINABILITY
Camel,4fa04b3466706e2007b8c14cc97f7104a48d505b,camel-cxf/src/main/java/org/apache/camel/component/cxf/CxfProducer.java,// TODO - why do we need to ignore the returned message and get the out message from the exchange!,com.ibm.wsdl.extensions.soap.SOAPBindingImpl;java.io.InputStream;java.util.List;org.apache.camel.util.ObjectHelper;org.apache.cxf.Bus;org.apache.cxf.BusFactory;org.apache.cxf.endpoint.Client;org.apache.cxf.endpoint.ClientImpl;org.apache.cxf.frontend.ClientFactoryBean;org.apache.cxf.frontend.ClientProxyFactoryBean;org.apache.cxf.service.Service;org.apache.cxf.service.model.BindingInfo;org.apache.cxf.service.model.ServiceInfo;org.apache.cxf.wsdl11.WSDLServiceFactory;java.io.IOException;java.net.MalformedURLException;java.net.URL;java.util.concurrent.CountDownLatch;javax.xml.namespace.QName,org.apache.cxf.transport.local.LocalConduit; org.apache.cxf.transport.local.LocalTransportFactory,NO,
Camel,616439cb92f27f35417c699ef017ecfb73ba3816,components/camel-irc/src/main/java/org/apache/camel/component/irc/IrcComponent.java,// TODO this is probably bad in the for each,org.apache.commons.logging.Log; org.apache.commons.logging.LogFactory,java.io.IOException,NO,
Camel,9b08833283c3c8a971cbc9824d87614cd80df6c4,camel-core/src/main/java/org/apache/camel/management/DefaultManagementMBeanAssembler.java,// TODO: Introduce Camel JMX annotations and implement logic to assemble from those JMX annotations // TODO: Remove spring logic when no longer needed,,org.springframework.jmx.export.annotation.AnnotationJmxAttributeSource; org.springframework.jmx.export.annotation.ManagedResource; org.springframework.jmx.export.assembler.MetadataMBeanInfoAssembler,YES,COMPATIBILITY
Camel,a102bec6a05674027a0ddc32c26b8ac47713dbcb,components/camel-spring-integration/src/main/java/org/apache/camel/component/spring/integration/adapter/CamelTargetAdapter.java,// TODO need to check the message header,org.springframework.integration.bus.MessageBus; org.springframework.integration.bus.MessageBusAware; org.springframework.integration.message.MessageHeaders,,YES,MAINTAINABILITY
Camel,aff598798e6830c442cfd260e984c766eebfc7cc,camel-core/src/main/java/org/apache/camel/component/restbinding/RestBindingEndpoint.java,// create the consumer directly from the component that supports rest binding // TODO: should we have a RestBindingConsumer class that delegates to the actual consumer? // TODO: what if there is 2+ RestBindingCapable components in the registry?,java.util.Set,,YES,FEATURE CHANGE
Camel,b5507ced4ab784b658e4dc8c82346e6925fe7f0c,components/camel-rx/src/main/java/org/apache/camel/rx/support/EndpointSubscription.java,// TODO should this fire the observer.onComplete()?,org.slf4j.Logger; org.slf4j.LoggerFactory,,NO,
Camel,b67f5f903275776f619d536c172682965e14dcd3,components/camel-netty-http/src/main/java/org/apache/camel/component/netty/http/DefaultNettyHttpBinding.java,// TODO: keep alive should be something we can control,java.io.ByteArrayOutputStream; java.io.ObjectOutputStream; java.io.PrintWriter; java.io.StringWriter; java.net.URLDecoder; java.nio.charset.Charset ,,NO,
Camel,bbf92a4425a790dcf44b992a8499cb03e4640ff1,camel-jpa/src/main/java/org/apache/camel/component/jpa/JpaProducer.java,// TODO remove explicit transaction handling?,org.springframework.orm.jpa.JpaTemplate; org.springframework.orm.jpa.JpaCallback; javax.persistence.PersistenceException,javax.persistence.EntityTransaction,YES,MAINTAINABILITY
Camel,bf36f6149d3280e160cee8be12fd03ada3e81d35,components/camel-swagger-java/src/main/java/org/apache/camel/swagger/RestSwaggerReader.java,// TODO: add the type / outType stuff with array and model detection,java.util.LinkedHashSet; java.util.Map; java.util.Set; io.swagger.models.Model; io.swagger.models.ModelImpl; io.swagger.models.properties.ArrayProperty; io.swagger.models.properties.RefProperty; io.swagger.models.properties.StringProperty,,NO,
Camel,bf36f6149d3280e160cee8be12fd03ada3e81d35,components/camel-swagger-java/src/main/java/org/apache/camel/swagger/RestSwaggerReader.java,// TODO: add model parser for swagger annotations in the model/schema,java.util.LinkedHashSet; java.util.Map; java.util.Set; io.swagger.models.Model; io.swagger.models.ModelImpl; io.swagger.models.properties.ArrayProperty; io.swagger.models.properties.RefProperty; io.swagger.models.properties.StringProperty,,NO,
Camel,c0d78f2fb101778f452b9f6598570f0b8c1bbe57,camel-core/src/main/java/org/apache/camel/component/file/GenericFileProducer.java,// TODO windows or unix slashes. Maybe we should replace all \ to /,java.io.File,,YES,COMPATIBILITY
Camel,c703efafe599a8d003d38cf7efec4d97879b30e3,camel-core/src/main/java/org/apache/camel/component/file/FileConsumer.java,// the trick is to try to rename the file; if we can rename then we have exclusive read // NOTE: using java.nio (channel lokc) doesn't help us as we can have write access but the // file is still in progress of being written (slow writer) // TODO: Seems to not work on Unix boxes (see the unit test FileExclusiveReadTest),java.io.RandomAccessFile; java.nio.channels.FileChannel; java.nio.channels.FileLock,,YES,FEATURE CHANGE
Camel,ca3ae74f7d44ce36b6f8872d90b41ae57d38bc52,camel-core/src/test/java/org/apache/camel/management/ManagedUnregisterProducerTest.java,// TODO: producers are not managed due they can lead to memory leak CAMEL-2484,java.util.Set; javax.management.MBeanServer; javax.management.ObjectName,,YES,FEATURE ADDITION
Camel,ca7fe37339d436e0c69630adffb298b747d3a5af,camel-core/src/main/java/org/apache/camel/impl/ActiveMQUuidGenerator.java,// TODO: replace the following line with IOHelper.close(ss) when Java 6 support is dropped,,java.io.IOException,YES,COMPATIBILITY
Camel,cdd0d5037015aaa26954628300a4d15f62143297,components/camel-velocity/src/main/java/org/apache/camel/component/velocity/VelocityEndpoint.java,// TODO we might wanna add some kinda resource caching of the template,org.apache.velocity.runtime.log.SimpleLog4JLogSystem; org.springframework.core.io.Resource,,YES,PERFORMANCE
Camel,cf1273af032e28b187a99a9f525fc1db7eff461c,components/camel-netty-http/src/main/java/org/apache/camel/component/netty/http/handlers/HttpServerMultiplexChannelHandler.java,// TODO: support matchOnUriPrefix,java.util.Map,org.jboss.netty.handler.codec.http.HttpHeaders.isKeepAlive,YES,FEATURE CHANGE
Camel,d1c23e5a91a8b892f822c09971a82f8e47c0bd99,components/camel-dozer/src/main/java/org/apache/camel/converter/dozer/DozerTypeConverterLoader.java,// TODO: This is a little wasteful as dozer has already parsed this // information; if does not expose it though so it must be done again. // Create a patch for Dozer to expose this.,java.net.URL; java.util.ArrayList; java.util.List; org.dozer.classmap.MappingFileData; org.dozer.loader.xml.MappingFileReader; org.dozer.loader.xml.XMLParserFactory,org.dozer.loader.CustomMappingsLoader; org.dozer.loader.LoadMappingsResult,YES,PERFORMANCE
Camel,d3a2c771d8d0ee8c4cf9ed9060c8479bf5ed8597,components/camel-ftp/src/main/java/org/apache/camel/component/file/remote/FtpConsumer.java,// TODO do we need to adjust the TZ? can we?,java.util.List,java.io.ByteArray.OutputStream; java.io.IOException; ava.util.concurrent.ScheduledExecutorService,NO,
Camel,d3a2c771d8d0ee8c4cf9ed9060c8479bf5ed8597,components/camel-ftp/src/main/java/org/apache/camel/component/file/remote/SFtpConsumer.java,// TODO do we need to adjust the TZ? can we?,java.util.List,java.io.ByteArrayOutputStream; java.io.IOException; java.util.Vector; java.util.concurrent.ScheduledExecutorService; com.jcraft.jsch.JSchException; com.jcraft.jsch.Session; com.jcraft.jsch.SftpException,NO,
Camel,d7873fc5cce2fabd028fc5157920f3d8944aa652,components/camel-ftp/src/main/java/org/apache/camel/component/file/remote/SftpConsumer.java,// TODO: This code could be neater,java.util.Vector,,YES,MAINTAINABILITY
Camel,dc3d97291b21563a7219abe4c4a40a667fc68bbb,tests/camel-itest-osgi/src/test/java/org/apache/camel/itest/osgi/aws/AwsSqsIntegrationTest.java,// TODO: our app need to import the FTP server stuff,org.apache.karaf.testing.Helper; org.ops4j.pax.exam.CoreOptions.felix; org.ops4j.pax.exam.OptionUtils.combine,org.ops4j.pax.exam.CoreOptions.mavenBundle; org.ops4j.pax.exam.CoreOptions.options;org.ops4j.pax.exam.container.def.PaxRunnerOptions.profile,NO,
Camel,dc3d97291b21563a7219abe4c4a40a667fc68bbb,tests/camel-itest-osgi/src/test/java/org/apache/camel/itest/osgi/aws/AwsSqsTest.java,// TODO: our app need to import the FTP server stuff,org.apache.karaf.testing.Helper; org.ops4j.pax.exam.CoreOptions.felix; org.ops4j.pax.exam.OptionUtils.combine,org.ops4j.pax.exam.CoreOptions.mavenBundle; org.ops4j.pax.exam.CoreOptions.options;org.ops4j.pax.exam.container.def.PaxRunnerOptions.profile,NO,
Camel,ffda80ee7a1c9305050071f2207a7c2905069f47,components/camel-google-drive/src/test/java/org/apache/camel/component/google/drive/DriveFilesIntegrationTest.java,// TODO provide parameter values for update,java.util.Iterator; com.google.api.client.http.FileContent;com.google.api.client.util.DateTime;  com.google.api.services.drive.model.File;  com.google.api.services.drive.model.FileList,,YES,TEST
Gerrit,0b73d356c5b6fd66917ae6ee69397e0fffe7b8c5,gerrit-server/src/main/java/com/google/gerrit/server/change/ConsistencyChecker.java,// TODO: fix setMessage to work without init(),org.eclipse.jgit.lib.ObjectInserter,,YES,PERFORMANCE
Gerrit,0e0a41a281263d44c1a8d25cf2eba8ab78a96f0b,gerrit-server/src/main/java/com/google/gerrit/server/change/PostReview.java,// TODO Support arbitrary label names.,com.google.common.base.Preconditions.checkNotNull,,YES,FEATURE CHANGE
Gerrit,119a5e3373c2efecd0498cc4823b79737052e353,gerrit-gwtui/src/main/java/com/google/gerrit/client/diff/CommentBox.java,// TODO: Change to use setInnerHtml,com.google.gwt.user.client.ui.HTML; com.google.gwtexpui.safehtml.client.SafeHtml; com.google.gwtexpui.safehtml.client.SafeHtmlBuilder,,YES,FEATURE CHANGE
Gerrit,19c8230231ba01997b75bf8491c83ce5b988cdbd,gerrit-gwtui/src/main/java/com/google/gerrit/client/diff/DraftBox.java,// TODO: Need a resize handler on editArea.,com.google.gwt.core.client.JavaScriptObject;com.google.gwt.event.dom.client.ClickEvent;com.google.gwt.event.dom.client.MouseMoveEvent;com.google.gwt.event.dom.client.MouseMoveHandler;com.google.gwt.uibinder.client.UiHandler;com.google.gwt.user.client.ui.Button,java.sql.Timestamp;,YES,FEATURE ADDITION
Gerrit,19dead446843ea4b2b028f275783660c365a0ca0,appjar/src/main/java/com/google/gerrit/server/ssh/SshUtil.java,// TODO log accounts with duplicate emails,java.util.ArrayList,,NO,
Gerrit,536c0503238be04c8b7962780bc0e47434dab5b7,appjar/src/main/java/com/google/gerrit/git/MergeQueue.java,// TODO we should have better logging than stderr,org.slf4j.Logger; org.sjf4j;LoggerFactory,,YES,FEATURE CHANGE
Gerrit,5d5c5c3556c3094fc95fc5d258569151e6818695,gerrit-gwtui/src/main/java/com/google/gerrit/client/diff/CodeMirrorDemo.java,// TODO: Implement intraline,com.google.gwt.core.client.JsArrayString;net.codemirror.lib.LineCharacter,,YES,FEATURE ADDITION
Gerrit,65d2cd8784a2b4f207150bd17caa97316088d9dc,src/main/java/com/google/gerrit/server/GerritServletConfig.java,// Temporary hack to make Common.getAccountId() honor the Guice // managed request state in either SSH or HTTP environments. //,,com.google.inject.OutOfScopeException,YES,COMPATIBILITY
Gerrit,795167c05e60a0c0ba7b5edb00bab85b9d5b104e,gerrit-server/src/main/java/com/google/gerrit/server/documentation/MarkdownFormatter.java,// TODO: Add a cache,com.google.common.base.Strings;org.eclipse.jgit.util.TemporaryBuffer;org.pegdown.LinkRenderer;org.pegdown.ToHtmlSerializer;org.pegdown.ast.HeaderNode;org.pegdown.ast.Node;org.pegdown.ast.RootNode;org.pegdown.ast.TextNode;org.slf4j.Logger;org.slf4j.LoggerFactory;java.io.FileNotFoundException;java.io.IOException;java.io.InputStream;java.net.URL;java.util.concurrent.atomic.AtomicBoolean,,NO,
Gerrit,8ce725bd5311ca0dbd426eb9cad5cd5f97b0940c,gerrit-server/src/main/java/com/google/gerrit/server/query/change/AndSource.java,// TODO(spearce) This probably should be more lazy. //,com.google.common.base.Function;com.google.common.base.Throwables;com.google.common.collect.FluentIterable;com.google.common.collect.Iterables;com.google.common.collect.Lists;com.google.gerrit.reviewdb.server.ReviewDb;com.google.gwtorm.server.OrmRuntimeException;com.google.inject.Provider,,YES,PERFORMANCE
Gerrit,ada1c272078cbc958359189d3aa4c69faa368fdb,appjar/src/main/java/com/google/gerrit/server/ssh/Receive.java,// TODO create new change records,org.spearce.jgit.lib.Constants;org.spearce.jgit.lib.Ref;org.spearce.jgit.lib.RefUpdate;org.spearce.jgit.revwalk.RevCommit;org.spearce.jgit.revwalk.RevSort;org.spearce.jgit.revwalk.RevWalk;org.spearce.jgit.transport.ReceiveCommand.Result;java.util.ArrayList;java.util.Collections,,YES,FEATURE CHANGE
Gerrit,ada1c272078cbc958359189d3aa4c69faa368fdb,appjar/src/main/java/com/google/gerrit/server/ssh/Receive.java,// TODO Append new commits to existing changes,org.spearce.jgit.lib.Constants;org.spearce.jgit.lib.Ref;org.spearce.jgit.lib.RefUpdate;org.spearce.jgit.revwalk.RevCommit;org.spearce.jgit.revwalk.RevSort;org.spearce.jgit.revwalk.RevWalk;org.spearce.jgit.transport.ReceiveCommand.Result;java.util.ArrayList;java.util.Collections,,YES,FEATURE CHANGE
Gerrit,b4ff6b86641d22f90a147acf57bbf93bdc28e7d1,gerrit-httpd/src/main/java/com/google/gerrit/httpd/GitOverHttpServlet.java,// TODO: remove this code when Guice fixes its issue 745,,java.nio.charset.StandardCharsets.UTF_8; java.io.UnsupportedEncodingException; java.net.URLDecoder,YES,MAINTAINABILITY
Gerrit,c212321f2003e9137bdf26629f179019bc924027,gerrit-server/src/main/java/com/google/gerrit/server/change/WalkSorter.java,// Mark parents of all merge bases as uninteresting; to limit the cost of // the topo sort; which slurps all interesting commits before returning // anything. // // There are two cases where this doesn't work and performance will // suffer: // 1. The common ancestor is a root commit; JGit currently does not return //    a root commit as a merge base; even if it is the common ancestor. // 2. There is a merge of two unrelated branches of history; these simply //    have no merge base; so this technique of finding uninteresting //    ancestors doesn't work. // // The performance impact of these cases in practice is hopefully low; // this does handle the common case of a single chain of commits.,com.google.common.base.Preconditions.checkState;org.eclipse.jgit.revwalk.RevFlag; java.util.ArrayDeque; java.util.Deque,org.eclipse.jgit.revwalk.RevSort; org.eclipse.jgit.revwalk.filter.RevFilter,YES,FEATURE CHANGE
Gerrit,c916b9e6a91864024185b820ccede36546805794,gerrit-pgm/src/main/java/com/google/gerrit/pgm/http/jetty/JettyServer.java,// Serve static resources directly from our JAR. This way we don't // need to unpack them into yet another temporary directory prior to // serving to clients. //,,java.nio.charset.StandardCharsets.UTF_8;com.google.common.base.MoreObjects;com.google.common.escape.Escaper;com.google.common.html.HtmlEscapers;com.google.common.io.ByteStreams;com.google.gerrit.common.TimeUtil;com.google.gerrit.launcher.GerritLauncher;com.google.gwtexpui.linker.server.UserAgentRule;com.google.gwtexpui.server.CacheHeaders;org.eclipse.jetty.util.resource.Resource;org.eclipse.jgit.util.RawParseUtils;java.io.File;java.io.FileInputStream;java.io.FileNotFoundException;java.io.FileOutputStream;java.io.IOException;java.io.InputStream;java.io.InterruptedIOException;java.io.PrintWriter;java.net.MalformedURLException;java.nio.file.Paths;java.util.Enumeration;java.util.Properties;java.util.zip.ZipEntry;java.util.zip.ZipFile;javax.servlet.FilterChain;javax.servlet.FilterConfig;javax.servlet.ServletException;javax.servlet.ServletRequest;javax.servlet.ServletResponse;javax.servlet.http.HttpServletRequest;javax.servlet.http.HttpServletResponse,NO,
Gerrit,cd5a8d4a31b85edded1ffd387c4deb51966409a8,src/main/java/com/google/gerrit/pgm/Daemon.java,// This is a hack to force the GerritConfig to install itself into // Common.setGerritConfig. If we don't do this here in the daemon // it won't inject in time for things that demand it. This must die. //,,com.google.inject.Scopes.SINGLETON; com.google.inject.AbstractModule,YES,MAINTAINABILITY
Gerrit,f87cfe9084462a044dda177e6dca0e20c35b7077,appjar/src/main/java/com/google/gerrit/server/ChangeMail.java,// If the only recipient is because we CC'd the user we are sending // from; this message isn't very worthwhile. Users shouldn't use // us in order to email themselves. //,java.util.Collection; java.util.Set,javax.mail.internet.MimeMessage;,NO,
Gerrit,f8a37ca05ee24f8e27280a310d2181bb2dd17874,gerrit-gwtui/src/main/java/com/google/gerrit/client/diff/CodeMirrorDemo.java,// TODO: Handle intraline edit.,com.google.gwt.dom.client.Style.Unit,net.codemirror.lib.LineCharacter,YES,FEATURE CHANGE
Hadoop,065747efabd1cbea9b14e93e905e304b9973d355,hadoop-yarn-project/hadoop-yarn/hadoop-yarn-common/src/main/java/org/apache/hadoop/yarn/ipc/RPCUtil.java,// TODO Fix in YARN-628.,java.lang.reflect.InvocationTargetException,java.lang.reflect.UndeclaredThrowableException,YES,MAINTAINABILITY
Hadoop,30e1b3bba856b2379a0dc1e7450512427d39c5d7,hadoop-common-project/hadoop-common/src/main/java/org/apache/hadoop/ha/ZKFailoverController.java,// TODO: need ZK ACL support in config; also maybe auth!,java.util.Collections,,NO,
Hadoop,4404f20671048ca4066a74094cb0961d664c5330,hadoop-mapreduce-project/hadoop-yarn/hadoop-yarn-server/hadoop-yarn-server-resourcemanager/src/main/java/org/apache/hadoop/yarn/server/resourcemanager/webapp/CapacitySchedulerPage.java,// this could be optimized better,java.util.ArrayList,,YES,PERFORMANCE
Hadoop,44a35b5d9accc4ecf7b1bbf762e593540bafe6a3,src/java/org/apache/hadoop/fs/FsShell.java,// TODO: this is a quick workaround to accelerate the integration of // redesigned commands. this will be removed this once all commands are // converted. this change will avoid having to change the hdfs tests // every time a command is converted to use path-based exceptions,java.io.PrintStream; java.util.ArrayList; java.util.LinkedList,java.util.regex.Matcher; java.util.regex.Pattern,YES,TEST
Hadoop,506232da5c762c715dbcfa7d738ccd860ce4f123,hadoop-mapreduce/hadoop-yarn/hadoop-yarn-server/hadoop-yarn-server-resourcemanager/src/main/java/org/apache/hadoop/yarn/server/resourcemanager/webapp/RmController.java,// TODO: handle redirect to jobhistory server,,javax.servlet.http.HttpServletResponse,NO,
Hadoop,6165875dc6bf67d72fc3ce1d96dfc80ba312d4a1,hadoop-mapreduce/hadoop-yarn/hadoop-yarn-server/hadoop-yarn-server-nodemanager/src/test/java/org/apache/hadoop/yarn/server/nodemanager/containermanager/TestContainerManager.java,// Now ascertain that the resources are localised correctly. // TODO: Don't we need clusterStamp in localDir?,java.util.ArrayList; java.util.HashMap; java.util.Map; java.util.List,,NO,
Hadoop,659ea4c540e440004d9f1a7dedefa91c0bec8b04,src/java/org/apache/hadoop/fs/shell/PathData.java,// this is very ugly; but needed to avoid breaking hdfs tests... // if a path has no authority; then the FileStatus from globStatus // will add the "-fs" authority into the path; so we need to sub // it back out to satisfy the tests,java.net.URISyntaxException; java.net.URI,,YES,TEST
Hadoop,719c313be12be3afd83b97a5a13dd0585c7f5819,hadoop-hdfs-project/hadoop-hdfs/src/test/java/org/apache/hadoop/hdfs/server/namenode/snapshot/TestSnapshot.java,/** * Creating snapshots for a directory that is not snapshottable must fail. * * TODO: Listing/Deleting snapshots for a directory that is not snapshottable * should also fail. */,org.junit.Assert.fail; java.io.IOException,,YES,FEATURE CHANGE
Hadoop,837e17b2eac1471d93e2eff395272063b265fee7,hadoop-hdfs-project/hadoop-hdfs/src/main/java/org/apache/hadoop/hdfs/BlockReaderFactory.java,// The legacy BlockReader doesn't require that the Peers it uses // have associated ReadableByteChannels. This makes it easier to use // with some older Socket classes like; say; SocksSocketImpl. // // TODO: create a wrapper class that makes channel-less sockets look like // they have a channel; so that we can finally remove the legacy // RemoteBlockReader. See HDFS-2534.,java.net.Socket,com.google.common.base.Preconditions,YES,MAINTAINABILITY
Hadoop,cb48bc1c93a4a1d8b2b936982a5e6b18494b5956,hadoop-mapreduce-project/hadoop-mapreduce-client/hadoop-mapreduce-client-jobclient/src/main/java/org/apache/hadoop/mapred/ClientCache.java,//TODO This should ideally be using it's own class (instead of ClientRMSecurityInfo),java.security.PrivilegedAction,,YES,FEATURE CHANGE
Hadoop,cd90b822278bf98a166e34e31aa2503ee4e48083,hadoop-mapreduce/hadoop-yarn/hadoop-yarn-server/hadoop-yarn-server-nodemanager/src/main/java/org/apache/hadoop/yarn/server/nodemanager/containermanager/localizer/ContainerLocalizer.java,// TODO HB immediately when rsrc localized,java.util.concurrent.CompletionService; java.util.concurrent.ExecutorCompletionService,,YES,FEATURE CHANGE
Hadoop,df801074c929d5414b92cc9fc0cc8a2794e02751,hadoop-hdfs-project/hadoop-hdfs/src/main/java/org/apache/hadoop/hdfs/qjournal/server/GetJournalEditServlet.java,// TODO: create security tests,java.util.HashSet; java.util.Set,,YES,TEST
Hadoop,df801074c929d5414b92cc9fc0cc8a2794e02751,hadoop-hdfs-project/hadoop-hdfs/src/main/java/org/apache/hadoop/hdfs/qjournal/server/GetJournalEditServlet.java,// TODO: above principal is not correct; since each JN will have a // different hostname.,java.util.HashSet; java.util.Set,,YES,FEATURE CHANGE
Hadoop,f1fe91ec9519535153f05acd3e6402bdb8e12c56,hadoop-hdfs-project/hadoop-hdfs/src/contrib/bkjournal/src/main/java/org/apache/hadoop/contrib/bkjournal/BookKeeperJournalManager.java,// Currently; BKJM automatically formats itself when first accessed. // TODO: change over to explicit formatting so that the admin can // clear out the BK storage when reformatting a cluster.,org.apache.zookeeper.ZKUtil; java.util.concurrent.atomic.AtomicBoolean,,YES,FEATURE ADDITION
Log4j,76c5f0f0ea04e508126eb052f3787b662ace594d,src/java/org/apache/log4j/chainsaw/LogUI.java,// TODO search for Log4j config,javax.swing.JDialog,javax.swing.JFileChooser;javax.swing.filechooser.FileFilter,YES,FEATURE CHANGE
Log4j,76c5f0f0ea04e508126eb052f3787b662ace594d,src/java/org/apache/log4j/chainsaw/LogUI.java,// TODO handle if they don't choose a file,javax.swing.JDialog,javax.swing.JFileChooser;javax.swing.filechooser.FileFilter,NO,
Log4j,ac9e0003d5766df2f9f5b4052e3dd968911bd4fc,src/java/org/apache/log4j/chainsaw/LogPanel.java,// TODO fix this menu so that columns can be hidden/displayed // Iterator iter = logUI.getFilterableColumns().iterator(); //,,java.awt.Cursor;java.awt.event.MouseListener; java.awt.event.MouseMotionListener;java.util.Vector;javax.swing.ComboBoxModel;javax.swing.JComboBox;javax.swing.JMenu,NO,
Log4j,76c5f0f0ea04e508126eb052f3787b662ace594d,src/java/org/apache/log4j/chainsaw/LogUI.java,// TODO This could be done and look better in a custom Dialog,javax.swing.JDialog,javax.swing.JFileChooser;javax.swing.filechooser.FileFilter,YES,FEATURE CHANGE
Tomcat,587b1a807129c2ab41623358281aa19ff2ff9950,java/org/apache/coyote/http11/Http11AprProcessor.java,//TODO SERVLET3 - async - that is bit hacky -,,java.util.concurrent.atomic.AtomicBoolean,YES,FEATURE ADDITION
Tomcat,587b1a807129c2ab41623358281aa19ff2ff9950,java/org/apache/coyote/http11/Http11NioProcessor.java,//TODO SERVLET3 - async,,java.util.concurrent.atomic.AtomicBoolean,YES,FEATURE ADDITION
Tomcat,5f74b7920c39caf0ff1b5f672797f4090531fdb6,java/org/apache/tomcat/websocket/PerMessageDeflate.java,// TODO: Implement compression of sent messages,java.util.zip.Deflater; javax.websocket.SendHandler ,,YES,FEATURE ADDITION
Tomcat,66e456e4b9d7e96f666c9bf03970a6d261677362,java/org/apache/catalina/core/ApplicationPushBuilder.java,// TODO: Update pushPath for client's benefit // TODO: Figure out how to get this into the CoyoteRequest,javax.servlet.http.Cookie; java.util.Iterator; org.apache.catalina.util.SessionConfig,,NO,
Tomcat,66e456e4b9d7e96f666c9bf03970a6d261677362,java/org/apache/catalina/core/ApplicationPushBuilder.java,// TODO: add this,javax.servlet.http.Cookie; java.util.Iterator; org.apache.catalina.util.SessionConfig,,YES,FEATURE ADDITION
Tomcat,7114d021e54ea2a50794dbdeed6da88e0d5f7672,java/org/apache/tomcat/websocket/WsWebSocketContainer.java,// TODO: Remove this before release,,javax.websocket.ClientEndpointConfig.Builder,YES,COMPATIBILITY
Tomcat,7114d021e54ea2a50794dbdeed6da88e0d5f7672,java/org/apache/tomcat/websocket/WsWebSocketContainer.java,/* * This is a temporary hack to allow the WebSocket EA TCK to work. This * has been confirmed as non-compliant with the EG lead so the TCK will * have to change. For now; we need the TCK to work. */,,javax.websocket.ClientEndpointConfig.Builder,YES,COMPATIBILITY
Tomcat,7114d021e54ea2a50794dbdeed6da88e0d5f7672,java/org/apache/tomcat/websocket/WsWebSocketContainer.java,// End of TCK hack,,javax.websocket.ClientEndpointConfig.Builder,YES,COMPATIBILITY
Tomcat,7761bb0a85bb84c3c9451c47ba3b4af04c08285c,java/org/apache/catalina/websocket/WebSocketServlet.java,// Small hack until the Servlet API provides a way to do this.,javax.servlet.http.ProtocolHandler,javax.servlet.ServletRequest; javax.servlet.ServletRequestWrapper; org.apache.catalina.connector.RequestFacade,YES,COMPATIBILITY
Tomcat,815f8ef020a26981a2cca292a15c98d66ed97037,java/org/apache/tomcat/util/buf/C2BConverter.java,// TODO Better logging,org.apache.juli.logging.Log; org.apache.juli.logging.LogFactory,,YES,FEATURE CHANGE
Tomcat,8a56b01c62ea20a99d485b54d1a22283ca877117,java/org/apache/catalina/websocket/StreamInbound.java,// TODO: Not supported.,,org.apache.catalina.util.Conversions,NO,
Tomcat,8a56b01c62ea20a99d485b54d1a22283ca877117,java/org/apache/catalina/websocket/StreamInbound.java,// TODO: Better message,,org.apache.catalina.util.Conversions,NO,
Tomcat,8a56b01c62ea20a99d485b54d1a22283ca877117,java/org/apache/catalina/websocket/StreamInbound.java,// TODO: Doesn't currently handle multi-frame messages. That will need // some refactoring.,,org.apache.catalina.util.Conversions,NO,
Tomcat,8a56b01c62ea20a99d485b54d1a22283ca877117,java/org/apache/catalina/websocket/StreamInbound.java,// TODO: Per frame extension handling is not currently supported.,,org.apache.catalina.util.Conversions,NO,
Tomcat,8a56b01c62ea20a99d485b54d1a22283ca877117,java/org/apache/catalina/websocket/StreamInbound.java,// TODO: Handle other control frames.,,org.apache.catalina.util.Conversions,NO,
Tomcat,8ce6ee3e7ee8ac75e6d8e8abf86aa17434f7d1b4,java/org/apache/jasper/runtime/JspFactoryImpl.java,/* FIXME: need to do something reasonable here!! */,org.apache.jasper.util.ExceptionUtils,,YES,FEATURE CHANGE
Tomcat,8fa1bd4bd1539f564a4b8f0db18ef9bf6091eef9,java/org/apache/jasper/EmbeddedServletOptions.java,// quick hack,,org.apache.jasper.xmlparser.ParserUtils,YES,FEATURE CHANGE
Tomcat,9718447a0342866373fec40498e960040d58b738,java/org/apache/tomcat/util/net/NioChannel.java,// TODO AJP and HTTPS have different expectations for the state of // the buffer at the start of a read. These need to be reconciled.,,org.apache.tomcat.util.net.SecureNioChannel.ApplicationBufferHandler,YES,FEATURE CHANGE
Tomcat,9c2040434831c8b056ec394e5a838e4c4fdc2fd9,java/org/apache/catalina/manager/HTMLManagerServlet.java,// TODO - Rewrite this to use the Servlet 3 file upload API,java.util.Collection,javax.servlet.ServletContext,NO,
Tomcat,9c802e8999c2d457fc68658cc6f23db23b600181,webapps/examples/WEB-INF/classes/websocket/echo/EchoEndpoint.java,// TODO - Review this debug hack,java.io.IOException; javax.websocket.RemoteEndpoint,,YES,FEATURE ADDITION
Tomcat,c169c761002186b131323bef30e433d4aec1b51c,java/org/apache/catalina/core/StandardContext.java,// We could do it the hard way... //mserver.invoke(parentName; "init"; new Object[] {}; new String[] {} ); // or same thing easier:,,javax.management.AttributeNotFoundException; javax.management.MBeanServer; javax.management.MalformedObjectNameException; org.apache.catalina.startup.ContextConfig,NO,
Tomcat,c59dc3cacc375cc7d7636ba3739d80d8cac576a3,java/org/apache/catalina/valves/AccessLogValve.java,// TODO - Make this configurable,,java.util.concurrent.ConcurrentLinkedQueue; java.util.Queue,YES,PERFORMANCE
Tomcat,c63185eb33118df626139cf9776de8f3da1a65ce,java/org/apache/catalina/connector/Request.java,// FIXME - "*" entries are not handled,java.io.StringReader,org.apache.catalina.util.StringParser,NO,
Tomcat,c8c543023a1fec555c96bc24ee3abf90ab4b023d,java/org/apache/coyote/http2/Stream.java,// TODO: Do something with these headers,java.io.IOException; org.apache.coyote.OutputBuffer;  org.apache.coyote.Request; org.apache.coyote.Response,,YES,FEATURE ADDITION
Tomcat,d6f68b124d917154508706eb5ace8cdd16bf3fe5,java/org/apache/catalina/core/StandardContext.java,// we do it in a dedicated thread for memory leak protection; in // case some webapp code registers some ThreadLocals that they // forget to cleanup // TODO Figure out why DedicatedThreadExecutor hangs randomly in the // unit tests if used here,,java.util.concurrent.Callable,NO,
Tomcat,dc80771eb8eba86f2b556322dccf89a2fedba212,java/org/apache/tomcat/websocket/Util.java,// TODO Decoder handling,java.lang.reflect.Method;java.util.ArrayList;java.util.List;javax.websocket.Decoder.Binary;javax.websocket.Decoder.BinaryStream;javax.websocket.Decoder.Text;javax.websocket.Decoder.TextStream;javax.websocket.DeploymentException;javax.websocket.EndpointConfig,,YES,FEATURE ADDITION
Tomcat,e27212babf746a4af51c7095b66338cf0f0b2ae9,java/org/apache/el/ExpressionFactoryImpl.java,// TODO Implement a streamELResolver, org.apache.el.stream.StreamELResolverImpl,,YES,FEATURE ADDITION
Tomcat,e71a53aec21f43a51ae0fc8bb3700829f7bda4a0,java/org/apache/catalina/core/StandardEngine.java,// not needed since the following if statement does the same thing the right way // remove later after checking,,java.io.File; java.util.List,NO,
Tomcat,ece58ff37dbb932fd1dc433e1885f6b3002a95c1,java/org/apache/coyote/http11/Http11OutputBuffer.java,// End the response status line // TODO o.a.coyoye.http11.Constants is pre-loaded. Can we drop this?,,java.security.AccessController; java.security.PrivilegedAction,YES,COMPATIBILITY
Tomcat,011618881c92bdaf857da97cf71c94d0cca75eec,java/org/apache/tomcat/websocket/WsFrame.java,// TODO Handle incoming data properly,javax.websocket.MessageHandler; javax.websocket.PongMessage,,YES,FEATURE CHANGE
Tomcat,011618881c92bdaf857da97cf71c94d0cca75eec,java/org/apache/tomcat/websocket/WsFrame.java,// TODO // Validate the PONG?,javax.websocket.MessageHandler; javax.websocket.PongMessage,,YES,FEATURE CHANGE
Tomcat,094fd3573943eeac3f2db01f89c89312e2ed7f78,java/org/apache/coyote/ajp/AjpProcessor.java,//TODO SERVLET3 - async,java.util.concurrent.Executor,java.util.concurrent.atomic.AtomicBoolean,YES,PERFORMANCE
Tomcat,0a2c2973963f27c7b21306c91298f2f53740dc09,java/org/apache/coyote/ajp/AbstractAjpProtocol.java,// TODO should fail - throw IOE,java.io.IOException,,YES,FEATURE CHANGE
Tomcat,0c702821a8137e9aa05eb35ed3bcd3eb504a2872,java/org/apache/catalina/startup/WebXml.java,// TODO SERVLET3 - Multipart config,javax.servlet.MultipartConfigElement,,YES,COMPATIBILITY
Tomcat,1823a9e9dd1bcb51dea24f5f764de70dae2da2dd,java/org/apache/tomcat/util/modeler/BaseModelMBean.java,// Prepare the signature required by Java reflection APIs // FIXME - should we use the signature from opInfo?,javax.management.modelmbean.ModelMBeanNotificationBroadcaster,java.util.HashMap; java.util.Hashtable; javax.management.Descriptor; javax.management.ServiceNotFoundException; javax.management.modelmbean.DescriptorSupport; javax.management.modelmbean.ModelMBean; javax.management.modelmbean.ModelMBeanAttributeInfo; javax.management.modelmbean.ModelMBeanInfo; javax.management.modelmbean.ModelMBeanInfoSupport; javax.management.modelmbean.ModelMBeanNotificationInfo; javax.management.modelmbean.ModelMBeanOperationInfo ,NO,
Tomcat,1823a9e9dd1bcb51dea24f5f764de70dae2da2dd,java/org/apache/tomcat/util/modeler/BaseModelMBean.java,// Locate the method to be invoked; either in this MBean itself // or in the corresponding managed resource // FIXME - Accessible methods in superinterfaces?,javax.management.modelmbean.ModelMBeanNotificationBroadcaster,java.util.HashMap; java.util.Hashtable; javax.management.Descriptor; javax.management.ServiceNotFoundException; javax.management.modelmbean.DescriptorSupport; javax.management.modelmbean.ModelMBean; javax.management.modelmbean.ModelMBeanAttributeInfo; javax.management.modelmbean.ModelMBeanInfo; javax.management.modelmbean.ModelMBeanInfoSupport; javax.management.modelmbean.ModelMBeanNotificationInfo; javax.management.modelmbean.ModelMBeanOperationInfo ,NO,
Tomcat,193d3b5c464f5169992e5f9ebb9bf609f0b1efe8,java/org/apache/coyote/http11/Http11NioProcessor.java,//TODO FIXME-- fix - so we can notify of error,javax.servlet.RequestDispatcher,,YES,FEATURE CHANGE
Tomcat,193d3b5c464f5169992e5f9ebb9bf609f0b1efe8,java/org/apache/coyote/http11/Http11NioProcessor.java,//TODO FIXME-- fix - so we can notify of error,javax.servlet.RequestDispatcher,,YES,FEATURE CHANGE
Tomcat,1d35952456418c80cdca6e8e117699cc2a88a7e0,java/org/apache/tomcat/util/net/AbstractJsseEndpoint.java,// TODO: // Need to select correct certificate based on the ciphers requested by // the client; the ciphers configured for the server and which is // configured to define the preference order,java.util.ArrayList; java.util.Iterator; java.util.LinkedHashSet,,YES,FEATURE CHANGE
Tomcat,3ff86c3c741a2688ab6677208e9a6116be8875ac,java/org/apache/tomcat/websocket/WsEndpointPojo.java,// TODO - Don't want to have to do this on every connection,,javax.websocket.WebSocketClose; javax.websocket.WebSocketError; javax.websocket.WebSocketOpen,YES,PERFORMANCE
Tomcat,4001d7a73cb5c76239347514fa418c4d4b815697,java/org/apache/tomcat/websocket/pojo/PojoMessageHandlerWholeBinary.java,// TODO Not implemented,java.io.ByteArrayInputStream; java.io.IOException; javax.websocket.DecodeException,,YES,FEATURE ADDITION
Tomcat,480a14c87ceb290215ea68b7f342544286de2c13,java/org/apache/catalina/connector/MapperListener.java,// TODO - Switch to container listener events for add/remove child and // remove dependency on MBean server entirely.,,javax.management.InstanceNotFoundException;javax.management.ListenerNotFoundException;javax.management.MBeanException;javax.management.MBeanServer;javax.management.MBeanServerNotification;javax.management.MalformedObjectNameException;javax.management.Notification;javax.management.NotificationListener;javax.management.ObjectName;javax.management.ReflectionException,YES,MAINTAINABILITY
Tomcat,4a5f595ea9257083a58b6290a99aa5a65c4bf81f,java/org/apache/tomcat/websocket/ServerContainerImpl.java,// TODO Need to cache the pojoMethodMapping too,,javax.websocket.Endpoint,YES,PERFORMANCE
Tomcat,503e2f2ebcee4dbb05489537437a9fe667976e8e,java/org/apache/tomcat/websocket/WsEndpointPojo.java,// TODO Insert the session into the method args,,java.lang.reflect.Method,NO,
Tomcat,503e2f2ebcee4dbb05489537437a9fe667976e8e,java/org/apache/tomcat/websocket/WsEndpointPojo.java,// TODO Insert throwable,,java.lang.reflect.Method,NO,
Tomcat,527baba1736d3111596fb19dba367460fdb2808c,java/org/apache/catalina/startup/ContextConfig.java,// Hack required by Eclipse's "serve modules without // publishing" feature since this backs WEB-INF/classes by // multiple locations rather than one., org.apache.catalina.WebResource;  org.apache.catalina.WebResourceRoot,java.net.URLConnection; java.util.Enumeration; javax.naming.Binding; javax.naming.NameNotFoundException; javax.naming.NamingEnumeration;javax.naming.NamingException;  org.apache.naming.resources.DirContextURLConnection; org.apache.naming.resources.FileDirContext; org.apache.naming.resources.ResourceAttributes,YES,MAINTAINABILITY
Tomcat,577c4e6194b71a63be70725bb743c94c7cb082cc,java/org/apache/catalina/authenticator/SpnegoAuthenticator.java,// TODO This (and a lot of the surrounding code) needs to move // to RealmBase so authorisation will work. This is just a quick // hack to get authentication working.,org.apache.catalina.Context, org.apache.catalina.realm.GenericPrincipal; org.ietf.jgss.GSSName,YES,FEATURE CHANGE
Tomcat,587b1a807129c2ab41623358281aa19ff2ff9950,java/org/apache/coyote/http11/Http11AprProcessor.java,//TODO SERVLET3 - async,,java.util.concurrent.atomic.AtomicBoolean,YES,PERFORMANCE
Tomcat,9df22b49129e2f9a01c6bf2b258a970a7c53b489,java/org/apache/coyote/http2/Http2UpgradeHandler.java,// TODO Implement periodic pruning of closed streams,java.util.TreeSet,,YES,PERFORMANCE
Tomcat,b5326aa34710ec108704624b424ef6a7bb033e61,java/org/apache/websocket/ServerContainerImpl.java,// TODO Replace following debug code with something useful.,java.util.concurrent.ConcurrentHashMap; javax.servlet.ServletContext; javax.servlet.ServletRegistration; org.apache.juli.logging.Log; org.apache.juli.logging.LogFactory,,NO,
Tomcat,b696517d6950550494ea5ff19e8cab6d5a622ad7,java/org/apache/tomcat/websocket/Util.java,// TODO byte[]; Reader; InputStream,java.io.InputStream; java.io.Reader,,YES,FEATURE ADDITION
Tomcat,b7e8aea8ca60766ca429cb1e87c06e561f14867f,java/org/apache/tomcat/websocket/WsSession.java,// TODO Log this?,org.apache.juli.logging.Log; org.apache.juli.logging.LogFactory,,YES,FEATURE ADDITION
Tomcat,b804219e1bf11ab1e8d20e3da1322d73ce84ea25,java/org/apache/tomcat/websocket/WsWebSocketContainer.java,// Create HTTP connection // TODO,java.io.IOException;java.net.InetSocketAddress;java.net.SocketAddress;java.nio.ByteBuffer;java.nio.channels.AsynchronousSocketChannel;java.nio.charset.Charset;java.util.ArrayList;java.util.HashMap;java.util.Iterator;java.util.List;java.util.Map;java.util.Map.Entry;java.util.Random;java.util.concurrent.ExecutionException;java.util.concurrent.Future;javax.websocket.HandshakeResponse;javax.xml.bind.DatatypeConverter,,YES,FEATURE ADDITION
Tomcat,b9badbb7d6d57f84337f7233feb35247442746e8,java/org/apache/tomcat/websocket/WsWebSocketContainer.java,// TODO Log invalid header,org.apache.juli.logging.Log; org.apache.juli.logging.LogFactory,,YES,FEATURE ADDITION
Tomcat,bb3fda1c31536dadc49a1d94bd6cf374f6694bc6,java/org/apache/catalina/authenticator/jaspic/provider/modules/DigestAuthModule.java,// TODO discuss a better way to get user roles,,org.apache.catalina.realm.GenericPrincipal,YES,MAINTAINABILITY
Tomcat,c169c761002186b131323bef30e433d4aec1b51c,java/org/apache/catalina/connector/MapperListener.java,// This should probably be called later,javax.management.InstanceNotFoundException; javax.management.ListenerNotFoundException; javax.management.MBeanException; javax.management.MalformedObjectNameException; javax.management.ReflectionException; org.apache.catalina.Container; org.apache.catalina.Context; org.apache.catalina.Engine; org.apache.catalina.Lifecycle; org.apache.catalina.LifecycleState; org.apache.catalina.Wrapper,java.util.Iterator; java.util.Set; javax.management.ObjectInstance; org.apache.catalina.core.StandardContext,NO,
Tomcat,c169c761002186b131323bef30e433d4aec1b51c,java/org/apache/catalina/core/StandardContext.java,// Look for a realm - that may have been configured earlier. // If the realm is added after context - it'll set itself. // TODO: what is the use case for this ?,,javax.management.AttributeNotFoundException; javax.management.MBeanServer; javax.management.MalformedObjectNameException; org.apache.catalina.startup.ContextConfig,NO,