Project;File_Path;SATD_Comment;Commit_Removal;Is_Conditional_Change_Related_To_SATD;Category
Camel;camel-core/src/main/java/org/apache/camel/management/mbean/ManagedEndpoint.java;// TODO: get from json schema;68403097d1dbc6d2cdf00c20053e3e32c571c877;YES;ADD CONTROL LOGIC
Camel;camel-core/src/main/java/org/apache/camel/processor/RoutingSlip.java;// TODO: Why not use indexOf and substr to find first delimiter, to skip first elemeent;6997ff4ba78fb523f925f11abc7f020dea88fe63;YES;ADD NULL_CHECK
Camel;camel-core/src/main/java/org/apache/camel/model/ProcessorDefinition.java;// onException can only be added on the route-level and not nested in splitter/policy etc // Camel 3.0 will fix this where we will have a RouteScopeDefinition where route scoped // configuration must take place, and not from this generic ProcessorDefinition;7a1c8e84b1ab669fa5f0ceed0236ee1ffae971c6;YES;REMOVE PRE_CONDITION
Camel;camel-core/src/main/java/org/apache/camel/component/file/NewFileComponent.java;// TODO: This code should be looked at, the parent stuff is might not needed;7f70df09b02c5a95b53bb9351c67ba1c750bbc15;YES;REMOVE CODE
Camel;components/camel-jms/src/main/java/org/apache/camel/component/jms/JmsBinding.java;// TODO: should we throw an exception instead?;80448160f0a8569def7e5476fc9036209f249cbc;YES;CHANGE CONDITIONAL EXPRESSION
Camel;components/camel-ftp/src/main/java/org/apache/camel/component/file/remote/SftpConsumer.java;// TODO do we need to adjust the TZ?;83139fae37e335810a6930aa34c5260bb272f5db;NO;
Camel;components/camel-http4/src/main/java/org/apache/camel/component/http4/HttpComponent.java;// TODO cmueller: remove the "httpClientConfigurerRef" look up in Camel 3.0;9737301babe3ce8afc49cf180a3e743c80dd80a2;YES;REMOVE CODE
Camel;components/camel-mail/src/main/java/org/apache/camel/component/mail/MailBinding.java;// TODO: Use spring mail support to add the attachment;9a9e8041610ec05e9a35987ed6b748c4de341901;YES;MODIFY CONTROL LOGIC
Camel;camel-core/src/main/java/org/apache/camel/impl/DefaultCamelContext.java;// TODO: routes which doesnt support resume may have to leverage these callbacks;9d403b07d61dda7ee97a08f649bd1c9058d4a118;NO;
Camel;components/camel-spring-integration/src/main/java/org/apache/camel/component/spring/integration/adapter/CamelTargetAdapter.java;// TODO need to check the message header;a102bec6a05674027a0ddc32c26b8ac47713dbcb;YES;ADD NULL_CHECK
Camel;camel-core/src/main/java/org/apache/camel/util/component/ApiMethodParser.java;// TODO watch out, this uses default locale to convert to upper case;a38476c24af048437a8fb4ddb35b73ad5dbeb4ea;YES;ADD CONTROL LOGIC
Camel;camel-core/src/main/java/org/apache/camel/impl/converter/DefaultTypeConverter.java;// TODO: as the next thing is an exception I suspect this warn is useless.  TB removed. // only log WARN level for non internal Camel convertions;a4b8403f847f82880f77abdc800b192cff152dee;YES;REMOVE CODE
Camel;platforms/commands/commands-core/src/main/java/org/apache/camel/commands/ContextInfoCommand.java;// the statistics are in the mbeans // TODO: use dump stats as xml // printCamelManagedBeansStatus(camelContext, out),;a9eb716950804b3bb01d52d2ea42e38104761490;YES;ADD PRE_CONDITION
Camel;camel-core/src/test/java/org/apache/camel/component/file/FileExclusiveReadRenameStrategyTest.java;//TODO fix the test failure in no windows box;afbbe9d69ed64c31a10206b3d75b585658727aa0;YES;ADD PRE_CONDITION
Camel;camel-core/src/test/java/org/apache/camel/component/file/FileExclusiveReadRenameStrategyTest.java;//TODO fix the test failure in no windows box;afbbe9d69ed64c31a10206b3d75b585658727aa0;YES;ADD PRE_CONDITION
Camel;components/camel-redis/src/main/java/org/apache/camel/component/redis/CommandDispatcher.java;// TODO: This method is longer than maximally allowed 200 lines // CHECKSTYLE:OFF;aff019f0a7c8d708ecf856035f741b279257153e;NO;
Camel;camel-core/src/main/java/org/apache/camel/processor/RedeliveryErrorHandler.java;// TODO: divde into onException and deadLetterQueue // no then move it to the dead letter queue;b2bee1a966adb03063c9e6e3e22bfd5ebf2ae52c;NO;
Camel;camel-core/src/main/java/org/apache/camel/component/file/NewFileBinding.java;// TODO: comment why I do this // TODO: consider storing object and only create new if changed // TODO: Consider callback from changeName to binding so we change // change it at that time;be24b42965496593df8362ccdfcd30b38cffa05a;YES;ADD PRE_CONDITION
Camel;camel-core/src/main/java/org/apache/camel/impl/ScheduledPollConsumer.java;// TODO: We should not swallow this but handle it better. See CAMEL-501;c4e383fb856556c6d96659d9604db839dcd031c3;YES;ADD CONTROL LOGIC
Camel;camel-core/src/main/java/org/apache/camel/processor/LoopProcessor.java;// TODO: we should probably catch evaluate/convert exception an set is as fault (after fix for CAMEL-316);c6b36cbc18caa93439db2858b12afdc808531e6c;YES;REMOVE PRE_CONDITION
Camel;components/camel-http/src/main/java/org/apache/camel/component/http/HttpComponent.java;// must extract well known parameters before we create the endpoint // TODO cmueller: remove the "httpBindingRef" look up in Camel 3.0;df701cc3776833c98a3e2b53f86dfd8f01eabe4b;YES;REMOVE PRE_CONDITION
Camel;camel-core/src/main/java/org/apache/camel/util/ConfigurationHelper.java;// Should we be ok with URIs not properly encoded? (that method may need a bit of refactoring too);e1c2f12aaefe8ce4f3a1f61e26ee40f0fc959991;YES;ADD PRE_CONDITION
Camel;components/camel-websocket/src/main/java/org/apache/camel/component/websocket/WebsocketComponent.java;// TODO - chm - 25/05 // Why do we have to do a setConsumer on the Servlet ?;ebaa0213788bd40edc39cf20e59352caab2fcbc3;YES;CHANGE CONDITIONAL EXPRESSION
Camel;components/camel-web/src/main/java/org/apache/camel/web/util/GroovyRenderer.java;// TODO improve stream() support;ed83cf57aa6744dfd4f034e10ee6e6ce5601be03;YES;REMOVE CODE 
Camel;components/camel-spring/src/main/java/org/apache/camel/spring/spi/TransactionInterceptor.java;// TODO: As DLC we need a timer task, eg something in Util to help us;ee96f2680ee949212e9421b07e65a8a42d73a22b;NO;
Camel;camel-core/src/main/java/org/apache/camel/processor/DeadLetterChannel.java;// if the exchange is transacted then let the underlying system handle the redelivery etc. // this DeadLetterChannel is only for non transacted exchanges // TODO: Should be possible to remove with Claus got the TX error handler sorted;f599b0649a49dbbaf02e7fb299228054921f99cb;YES;CHANGE CONDITIONAL EXPRESSION
Camel;camel-core/src/main/java/org/apache/camel/component/file/FileConsumer.java;// TODO: move option to endpoint to get rid of consumer. prefix // TODO: remove idempotent again, we should just use the idempotent DSL we already have;f70b130062f7e6e3f0bfb3548b524256f323555c;NO;
Camel;components/camel-cxf/src/main/java/org/apache/camel/component/cxf/CxfSoapBinding.java;//TODO use the type converter to do this kind of thing;fa8ff446cce84d236b7310c70a9191f85529a886;NO;
Camel;camel-core/src/main/java/org/apache/camel/converter/jaxp/StaxConverter.java;//FIXME - if not woodstox, this will likely not work well //likely should copy CXF's W3CDOM stuff;fcd2accf2d9417531a19bd0d6527b60001b83f6a;YES;REMOVE CODE
Camel;camel-core/src/main/java/org/apache/camel/management/InstrumentationLifecycleStrategy.java;// add intercept strategy that executes the JMX instrumentation for performance metrics // TODO: We could do as below with an inlined implementation instead of a separate class;0d6538dcd810e0df76238c3fb6fe9caf9a047321;NO;
Camel;camel-core/src/main/java/org/apache/camel/management/mbean/ManagedCamelContext.java;// the status can be: // - in use = used by Camel // - classpath = on the classpath // - release = available from the Apache Camel release // TODO: gather list of components in the Camel release;0dac21ecdd88db0d9371971d9a5e90c1bed7f715;NO;
Camel;camel-core/src/main/java/org/apache/camel/component/file/GenericFileProducer.java;// use a generated filename if no name provided // TODO: Consider to require end user to always provide a filename instead of generating a new name;15c1075101d7bbbca496dcb40a3439994095c48f;NO;
Camel;components/camel-spark/src/main/java/org/apache/camel/component/spark/CamelSparkRoute.java;// TODO: how to handle exchange failures;183bbef21c8b4db6b1b0f83052df395c7adc8537;YES;ADD CONTROL LOGIC
Camel;components/camel-cxf/src/main/java/org/apache/camel/component/cxf/CxfProducer.java;// TODO: maybe it should be mandatory body?;1d1549541d3489182b049d91638d56b57afd6c02;NO;
Camel;camel-core/src/main/java/org/apache/camel/management/CamelNamingStrategy.java;// TODO: figure out the route id;1f8b845dc4bd7283331beba18ab0e30a11f986ec;NO;
Camel;components/camel-swagger-java/src/main/java/org/apache/camel/swagger/RestSwaggerApiDeclarationServlet.java;// TODO: implement these;2047a2043f8a0ab12a3a4de6c94bfb304ad9c179;YES;REMOVE PRE_CONDITION
Camel;components/camel-google-drive/src/main/java/org/apache/camel/component/google/drive/GoogleDriveEndpoint.java;// TODO add extra APIs here;2243e251e0f9426a1a7ae3b0c6fdc2fef78cee8b;YES;ADD BRANCH
Camel;components/camel-websocket/src/main/java/org/apache/camel/component/websocket/WebsocketEndpoint.java;// TODO: init globalStore;26fde470fd08a3963461015acc941af9000cbb87;YES;REMOVE CODE
Camel;camel-core/src/main/java/org/apache/camel/impl/DefaultCamelContext.java;// TODO: should we support not starting rest?;2e4e7f88ac2ed9329790737f28b67b626b0b7d4a;YES;ADD CONTROL LOGIC
Camel;camel-core/src/main/java/org/apache/camel/model/rest/RestDefinition.java;// TODO: add more options here;2f856a6bf67ad994e48a950e4f6dc1e859e287b8;NO;
Camel;camel-core/src/main/java/org/apache/camel/impl/RouteService.java;// TODO should we stop the actual Route objects??;362798357adb404f5d863b25e74854650f95034d;YES;ADD CONTROL LOGIC
Camel;camel-core/src/main/java/org/apache/camel/processor/aggregate/AggregateProcessor.java;// TODO: if we are completed from batch consumer then they should all complete (trigger that like timeout map);36f97b8fc034ccdde887c9155b7b3be2d9d8cb98;YES;ADD PRE_CONDITION
Camel;camel-core/src/main/java/org/apache/camel/processor/RedeliveryErrorHandler.java;// depending on what kind of error handler we should;3ec88a547cd2de69fc8b4f0ef47fba82d867bb67;YES;REMOVE CODE
Camel;camel-core/src/main/java/org/apache/camel/component/seda/SedaConsumer.java;// TODO: It ought to be UnitOfWork that did the callback notification but we are planning // to replace it with a brand new Async API so we leave it as is;486cd9c629053e9c2e18f7515457efd2a3c631da;YES;REMOVE CODE
Camel;components/camel-http/src/main/java/org/apache/camel/component/http/HttpProducer.java;// TODO: Damm this is not readable code (nested ? - please dont);4a5115082f9db22b5aa66b93054745cb0415cf34;YES;CHANGE CONDITIONAL EXPRESSION
Camel;camel-core/src/main/java/org/apache/camel/model/OnExceptionDefinition.java;// TODO: the exceptions list should use classresolver to load;4c7e153c306ce72f24c728b91ca4fe8d5e0c7c36;YES;CHANGE CONDITIONAL EXPRESSION
Camel;components/camel-sjms/src/main/java/org/apache/camel/component/sjms/SjmsEndpoint.java;// // TODO since we only need a session pool for one use case, find a better way // // We only create a session pool when we are not transacted. // Transacted listeners or producers need to be paired with the // Session that created them.;520e55fa81f7aa9faa65960ad36be0af8f3d03d0;YES;REMOVE CODE
Camel;components/camel-sjms/src/main/java/org/apache/camel/component/sjms/SjmsEndpoint.java;// TODO fix the string hack;520e55fa81f7aa9faa65960ad36be0af8f3d03d0;YES;REMOVE CODE
Camel;camel-core/src/main/java/org/apache/camel/impl/DefaultCamelContext.java;// TODO we should support non-singletons in the lifecycle;52f3335ced55035503a16efb32b94deb4eed73aa;YES;ADD BRANCH
Camel;components/camel-spring/src/main/java/org/apache/camel/spring/handler/BeanDefinitionParser.java;// TODO the following code is copied from AbstractSimpleBeanDefinitionParser // it can be removed if ever the doParse() method is not final! // or the Spring bug http://jira.springframework.org/browse/SPR-4599 is resolved;ca797ae576e4138f39cd99bcdfc51fefc0905417;NO;
Camel;camel-core/src/main/java/org/apache/camel/impl/ActiveMQUuidGenerator.java;// TODO: replace the following line with IOHelper.close(ss) when Java 6 support is dropped;ca7fe37339d436e0c69630adffb298b747d3a5af;YES;REMOVE PRE_CONDITION
Camel;camel-core/src/main/java/org/apache/camel/management/InstrumentationLifecycleStrategy.java;// TODO: Disabled for now until we find a better strategy for registering routes in the JMX // without altering the route model. The route model should be much the same as without JMX to avoid // a gap that causes pain to get working with and without JMX enabled. We have seen to many issues with this already.;cf11eb8fb4e6ca187b573513e49b58cdc361771b;YES;CHANGE CONDITIONAL EXPRESSION
Camel;components/camel-netty-http/src/main/java/org/apache/camel/component/netty/http/handlers/HttpServerMultiplexChannelHandler.java;// TODO: support matchOnUriPrefix;cf1273af032e28b187a99a9f525fc1db7eff461c;NO;
Camel;camel-spring/src/main/java/org/apache/camel/spring/util/BeanInfo.java;// TODO allow annotations to be used to create expressions?;d1f78307b43f6ccb2858073330d13eca06ac71c7;YES;MODIFY CONTROL LOGIC
Camel;camel-core/src/main/java/org/apache/camel/impl/DefaultCamelContext.java;// TODO: we should re-create route defs on start, people should use suspend/resume for hot restart;d3711affa954e469d295504ae7f1d4af3af7f369;YES;REMOVE PRE_CONDITION
Camel;components/camel-servlet/src/main/java/org/apache/camel/component/servlet/ServletComponent.java;// TODO we need to remove the Ref in Camel 3.0;df701cc3776833c98a3e2b53f86dfd8f01eabe4b;YES;REMOVE CODE
Camel;components/camel-http4/src/main/java/org/apache/camel/component/http4/HttpComponent.java;// TODO cmueller: remove the "httpBindingRef" look up in Camel 3.0;df701cc3776833c98a3e2b53f86dfd8f01eabe4b;YES;REMOVE CODE
Camel;components/camel-http4/src/main/java/org/apache/camel/component/http4/HttpComponent.java;// TODO cmueller: remove the "httpContextRef" look up in Camel 3.0;df701cc3776833c98a3e2b53f86dfd8f01eabe4b;YES;REMOVE CODE
Camel;components/camel-http4/src/main/java/org/apache/camel/component/http4/HttpComponent.java;// TODO cmueller: remove the "sslContextParametersRef" look up in Camel 3.0;df701cc3776833c98a3e2b53f86dfd8f01eabe4b;YES;REMOVE CODE
Gerrit;appjar/src/main/java/com/google/gerrit/server/LoginServlet.java;// TODO Should be in init so we can cache.;72da046d96b5e205b058efcdeae984791474eccc;YES;REMOVE CODE
Gerrit;gerrit-gwtui/src/main/java/com/google/gerrit/client/diff/CodeMirrorDemo.java;// Ugly workaround because CodeMirror never hides lines completely.;8add5963332ce48b1654a291d7899b966d215c32;NO;
Gerrit;gerrit-server/src/main/java/com/google/gerrit/server/workflow/FunctionState.java;// TODO: Support arbitrary labels;8e5de82e56455606c851ecf8f828fe0fb60c32b0;NO;
Gerrit;appjar/src/main/java/com/google/gerrit/git/MergeOp.java;// TODO Don't write this message on every attempt.;ffc425303de1841092a4356b07d341a43da8b368;YES;ADD CONTROL LOGIC
Gerrit;gerrit-gwtui/src/main/java/net/codemirror/lib/Vim.java;// TODO: Better custom keybindings, remove temporary navigation hacks.;04303d53df88ad2e4174ff11b2b6aa91ad8e3e37;YES;MODIFY CONTROL LOGIC
Gerrit;appjar/src/main/java/com/google/gerrit/server/ssh/SshUtil.java;// TODO log accounts with duplicate emails;19dead446843ea4b2b028f275783660c365a0ca0;YES;MODIFY CONTROL LOGIC
Gerrit;appjar/src/main/java/com/google/gerrit/server/ssh/Receive.java;// TODO list the new change id;4a4be9efa594dc5c123783543665ddf5f3766fda;YES;ADD NULL_CHECK
Gerrit;gerrit-httpd/src/main/java/com/google/gerrit/httpd/raw/HostPageServlet.java;// If s=0 is used in the URL, the user has explicitly asked us // to not perform selection on the server side, perhaps due to // it incorrectly guessing their user agent. //;4aba6912cc259509b3000034bee3e65ab0416d3c;YES;REMOVE PRE_CONDITION
Hadoop;hadoop-yarn-project/hadoop-yarn/hadoop-yarn-server/hadoop-yarn-server-resourcemanager/src/main/java/org/apache/hadoop/yarn/server/resourcemanager/RMAppManager.java;// TODO: This needs to move to per-AppAttempt;6a2f2551fd13f6d3c932cc9b592e2a23b616a7f5;YES;REMOVE CODE
Hadoop;src/java/org/apache/hadoop/fs/FileContext.java;// TBD not very clear;8991eb7959947735449d300a60aaadb897c11ba2;YES;CHANGE CONDITIONAL EXPRESSION
Hadoop;hadoop-mapreduce/hadoop-yarn/hadoop-yarn-server/hadoop-yarn-server-nodemanager/src/main/java/org/apache/hadoop/yarn/server/nodemanager/containermanager/launcher/ContainerLaunch.java;// TODO: Get from whitelist.;ab0402bc1def44e3d52eea517f4132c460bd5f87;YES;REMOVE CODE
Hadoop;hadoop-mapreduce-project/hadoop-yarn/hadoop-yarn-server/hadoop-yarn-server-resourcemanager/src/main/java/org/apache/hadoop/yarn/server/resourcemanager/scheduler/fair/AppSchedulable.java;// TODO this should subtract resource just assigned // TEMPROARY;c221204ccaadcf70992d9e858ef71c6f8864ff4e;YES;REMOVE BRANCH
Hadoop;hadoop-mapreduce/hadoop-mr-client/hadoop-mapreduce-client-app/src/main/java/org/apache/hadoop/mapreduce/v2/app/job/impl/TaskImpl.java;//TODO: consider the nextAttemptNumber only if it is not failed/killed ? // calculate the best progress;d6546fc0a444228c9d45b5bef89aeef120f98831;YES;ADD PRE_CONDITION
Hadoop;src/java/org/apache/hadoop/io/SecureIOUtils.java;// Subject to race conditions but this is the best we can do;dc16490ad3f8ff42849647fa6150fa53d771809c;YES;MODIFY CONTROL LOGIC
Hadoop;hadoop-yarn-project/hadoop-yarn/hadoop-yarn-server/hadoop-yarn-server-resourcemanager/src/main/java/org/apache/hadoop/yarn/server/resourcemanager/scheduler/fair/policies/DominantResourceFairnessPolicy.java;// TODO: For now, set all fair shares to 0, because, in the context of DRF, // it doesn't make sense to set a value for each resource. YARN-736 should // add in a sensible replacement.;e60fbbcc2e6a0d27d588b620817d29d1c70893a5;YES;MODIFY CONTROL LOGIC
Hadoop;hadoop-common-project/hadoop-common/src/main/java/org/apache/hadoop/fs/shell/Mkdir.java;// TODO: should use createParents to control intermediate dir creation;0bfa7d79d0fc5f127fd785e8ba3bc83dab8df991;YES;ADD CONTROL LOGIC
Hadoop;hadoop-common-project/hadoop-common/src/main/java/org/apache/hadoop/fs/FileContext.java;/* * Resolve a relative path passed from the user. * * Relative paths are resolved against the current working directory * (e.g. "foo/bar" becomes "/<workingDir>/foo/bar"). * Fully-qualified URIs (e.g. "hdfs://nn:p/foo/bar") and slash-relative paths * ("/foo/bar") are returned unchanged. * * Additionally, we fix malformed URIs that specify a scheme but not an * authority (e.g. "hdfs:///foo/bar"). Per RFC 2395, we remove the scheme * if it matches the default FS, and let the default FS add in the default * scheme and authority later (see {@link #AbstractFileSystem#checkPath}). * * Applications that use FileContext should use #makeQualified() since * they really want a fully-qualified URI. * Hence this method is not called makeAbsolute() and * has been deliberately declared private. */;0e9f61addc67e598cfcde0e9c537954ef00f311e;NO;
Hadoop;hadoop-hdfs-project/hadoop-hdfs/src/main/java/org/apache/hadoop/hdfs/server/namenode/FSImageFormat.java;// reset INodeId. TODO: remove this after inodeId is persisted in fsimage;19201622be1db8e166d1cc0dd7e62af4702d2784;NO;
Hadoop;src/java/org/apache/hadoop/fs/shell/CopyCommands.java;// TODO: this really should be a -nl option;1e0c51c66e107a79b43c16dc1808168636626a3b;YES;CHANGE CONDITIONAL EXPRESSION
Hadoop;mapreduce/src/java/org/apache/hadoop/mapreduce/lib/input/NLineInputFormat.java;// NLineInputFormat uses LineRecordReader, which always reads // (and consumes) at least one character out of its upper split // boundary. So to make sure that each mapper gets N lines, we // move back the upper split limits of each split // by one character here.;1f40b8b4e8ce8c4876c1b57012cbd12332d0c096;YES;REMOVE PRE_CONDITION
Hadoop;hdfs/src/java/org/apache/hadoop/hdfs/server/namenode/FSImageFormat.java;/* * TODO we need to change format of the image file * it should not contain version and namespace fields */;64641c28b5ea8538033060452b0c45b7f2eeb60c;YES;REMOVE PRE_CONDITION
Log4J;src/java/org/apache/log4j/chainsaw/XMLFileHandler.java;// hack - but only thing I care about;3b8592f75e673c39e84fd96ed991976a76234740;YES;MODIFY CONTROL LOGIC
Log4J;src/java/org/apache/log4j/FileAppender.java;// FIXME (remove qwIsOurs);ebc274ee0733441ed2acb2a401c059020e7fe1b3;YES;CHANGE CONDITIONAL EXPRESSION
Log4J;src/java/org/apache/log4j/rolling/SlidingWindowRollingPolicy.java;// TODO: compress the currently active file (minIndex) into minIndex+1 //Util.rename( //fileNamePattern.convert(minIndex), //fileNamePattern.convert(minIndex + 1)),;579d6f525526f317fa3cccd4bf8cbf11e8023361;NO;
Log4J;src/java/org/apache/log4j/chainsaw/ChainsawCyclicBufferTableModel.java;// TODO change when filtering refactor done.;bffbaa46fd83985467185561669576bcf600f501;YES;REMOVE NULL_CHECK
Log4J;src/java/org/apache/log4j/AppenderSkeleton.java;// FIXME: We should not flood other appenders but at the same time // should output something meaningful (only once though). // Logging not allowed: //getLogger().error( // "Attempted to append to closed appender named [{}].", name),;7db3e1f0e0bb4c4b77e638df7580b4b8377aeb4a;YES;MODIFY CONTROL LOGIC
Log4J;src/java/org/apache/log4j/chainsaw/LogUI.java;// TODO should also tidy up any other references to things... Might need to be able to recover this pane again...;ddd173fcdb476c83256f72efa862edfb0275dab5;NO;
Log4J;src/java/org/apache/log4j/chainsaw/LogUI.java;// TODO refactor to use a single getEvent(row) call, and use a Formatter interface for pluggable formatting;0f5f5baf2d50a23710365d884520a4861df4b9b7;YES;ADD NULL_CHECK
Tomcat;test/org/apache/catalina/nonblocking/TestNonBlockingAPI.java;// TODO Non-blocking reads are not yet implemented for APR.;64389d04c74a7d14e37e077d0d563ebb8b45d2ba;YES;REMOVE CODE
Tomcat;java/org/apache/catalina/core/StandardService.java;// TODO - Get this form elsewhere;65e3054ebb3cc1fb139fb6988d8bc35746e6c7f5;YES;REMOVE PRE_CONDITION
Tomcat;java/org/apache/catalina/core/StandardContextValve.java;// Normal request processing // FIXME: Firing request listeners could be an addition to the core // comet API;685f4dcfdbb1c661b7872604f161319c11f3df99;NO;
Tomcat;java/org/apache/tomcat/util/http/Rfc6265CookieProcessor.java;// TODO: Value also needs validation that varies depending on the spec // being used. This is currently delayed until the header is // generated.;68b87716ba6112d27686078855abfa2e09bed966;YES;ADD NULL_CHECK
Tomcat;java/org/apache/tomcat/util/net/SecureNio2Channel.java;// continue to unwrap as long as the input buffer has stuff // TODO: unwrap appears only to unwrap one TLS record at // a time even if there are multiple TLS records // in the input buffer. Therefore multiple calls // to unwrap are required to ensure that all TLS // records are decrypted and written to dst. // This may be a bug in tc-native or something // that is better handled at that level. For now // the '|| unwrap.getStatus() == Status.OK' is a // workaround.;69f8bf4a3ae7c71c461db390f106ed44c9781baa;YES;CHANGE CONDITIONAL EXPRESSION
Tomcat;java/org/apache/tomcat/websocket/WsWebSocketContainer.java;// TODO: Remove this before release;7114d021e54ea2a50794dbdeed6da88e0d5f7672;YES;REMOVE CODE
Tomcat;java/org/apache/tomcat/websocket/WsWebSocketContainer.java;/* * This is a temporary hack to allow the WebSocket EA TCK to work. This * has been confirmed as non-compliant with the EG lead so the TCK will * have to change. For now, we need the TCK to work. */;7114d021e54ea2a50794dbdeed6da88e0d5f7672;YES;REMOVE CODE
Tomcat;java/org/apache/tomcat/websocket/WsWebSocketContainer.java;// End of TCK hack;7114d021e54ea2a50794dbdeed6da88e0d5f7672;YES;REMOVE CODE
Tomcat;test/org/apache/catalina/nonblocking/TestNonBlockingAPI.java;// TODO Faking non-blocking reads is not yet implemented for BIO.;74a07847085ee38d8d69846d27b9e7ab6c5bc503;YES;REMOVE CODE
Tomcat;java/org/apache/jasper/servlet/JasperInitializer.java;// TODO we should play nice and only set this if it's null;75728d489018e313c6e796705a455b69c8d4604d;YES;ADD NULL_CHECK
Tomcat;java/org/apache/catalina/connector/AsyncContextImpl.java;//TODO SERVLET3 - async;7703a4bfbe236c0a9201c3d4cfbe242353e3b48c;NO;
Tomcat;java/org/apache/coyote/http11/filters/ChunkedInputFilter.java;// FIXME: Improve parsing to check for CRLF;775d5fa422c231f9de36d6cc0aabd9a0e5d5feab;YES;CHANGE CONDITIONAL EXPRESSION
Tomcat;java/org/apache/catalina/ha/tcp/SimpleTcpCluster.java;// FIXME Hmm, is that correct when some DeltaManagers are direct configured inside Context? // Why we not support it for other elements, like sender, receiver or membership? // Must we restart element after change?;7d993a6bdc041e3b8ccdb3f811702d559271c209;NO;
Tomcat;java/org/apache/catalina/ha/session/JvmRouteBinderValve.java;// FIXME: Why we remove change data from other running request? // setId also trigger resetDeltaRequest!!;7eae8a53c5dcff4083ce3b667a7391bbb8da38cd;YES;REMOVE CONTROL LOGIC
Tomcat;java/org/apache/tomcat/util/net/NioEndpoint.java;//TODO this is not yet being used;85c6712a405749e299a8cdb110fee5389849214f;YES;REMOVE BRANCH
Tomcat;java/org/apache/tomcat/util/net/SSLImplementation.java;// Workaround for the J2SE 1.4.x classloading problem (under Solaris). // Class.forName(..) fails without creating class using new. // This is an ugly workaround.;8895cc52781ff658a5cc9df51ca7a128fbd4deca;YES;REMOVE CODE
Tomcat;java/org/apache/jasper/EmbeddedServletOptions.java;// quick hack;8fa1bd4bd1539f564a4b8f0db18ef9bf6091eef9;NO;
Tomcat;java/org/apache/catalina/core/ApplicationContext.java;// TODO SERVLET3 - ASync support;93dc4a710cc7da1731da45ded503e90c82c84c7e;NO;
Tomcat;java/org/apache/tomcat/util/net/SecureNioChannel.java;// TODO: Extract the correct configuration for the requested host name // and set up the SSLEngine accordingly. At that point this can // become a debug level message.;9c46bdb64f830ebb32ec535e3e16a97d14405516;YES;ADD CONTROL LOGIC
Tomcat;java/org/apache/tomcat/util/net/SecureNio2Channel.java;// TODO: Extract the correct configuration for the requested host name // and set up the SSLEngine accordingly. At that point this can // become a debug level message.;9c46bdb64f830ebb32ec535e3e16a97d14405516;YES;ADD CONTROL LOGIC
Tomcat;java/org/apache/catalina/core/StandardService.java;// FIXME pero -- Why container stop first? KeepAlive connections can send request! // Stop our defined Connectors first;cd7263e6d9ff11cfda2bc2fe73aab0770c6f899f;NO;
Tomcat;java/org/apache/catalina/connector/Request.java;// TODO SERVLET3 - dispatcher;d10dc3571e2838abb479b75630683403a33ee891;NO;
Tomcat;java/javax/el/ImportHandler.java;/* * This method is used for importing and resolving. Resolving has strict * criteria for what may be returned. Import does not. Further, as a result * of the clarification in https://java.net/jira/browse/JSP-44 any class or * package imported using a JSP page directive will also be imported in to * the EL environment. The validate flag is used to bypass the validation * criteria required by resolving when importing else a typical JSP import * (e.g. <%@page import="java.util.List"%>) would trigger an ELException and * a 500 response which is clearly not correct. */;d34edade02a33248ab8408f00937742a1d72ad64;YES;CHANGE CONDITIONAL EXPRESSION
Tomcat;java/org/apache/catalina/authenticator/jaspic/provider/modules/FormAuthModule.java;// TODO fix character encoding;d67e9e295e4820b38ec705829c9cbb9808c0eaa1;YES;ADD NULL_CHECK
Tomcat;java/org/apache/catalina/startup/WebXml.java;// TODO SERVLET3 - This needs to be more fine-grained. Whether or not to // process annotations on destroy() will depend on where // the filter/servlet was loaded from. Joy.;d8d2b908959cd5da648125f15c9993a84e3ed572;NO;
Tomcat;java/org/apache/catalina/core/ApplicationPushBuilder.java;// TODO conditional;dafacd5c3b80e922e156f87cc12d672212cd52a5;YES;ADD CONTROL LOGIC
Tomcat;java/org/apache/tomcat/util/net/AprEndpoint.java;// Initialize SSL // FIXME: one per VM call ?;dbe007a1f0576f9e53666c2df8b07c28bad126c7;YES;MODIFY CONTROL LOGIC
Tomcat;modules/tomcat-lite/java/org/apache/tomcat/lite/http/HttpChannel.java;// TODO: next read() should throw exception !!;e18151ecbd1bb3639558b44a8d8e9a1ff058c279;NO;
Tomcat;java/org/apache/catalina/webresources/Cache.java;// TODO Should some resources be excluded from caching?;e44e9fb0e105a3e1d8dc51406e4d34439d8427a8;YES;ADD PRE_CONDITION
Tomcat;java/org/apache/tomcat/util/net/AbstractJsseEndpoint.java;// TODO: Create multiple SSLContexts based on SSLHostConfig(s);ec181961e44ddb9eca1c6249c38757b24b8cfd13;YES;ADD CONTROL LOGIC
Tomcat;java/org/apache/coyote/http11/AbstractHttp11Processor.java;// Do nothing // TODO Remove this action;014de3825a0f1c523ccb35f19dfbb2cb9a034465;YES;REMOVE BRANCH
Tomcat;java/org/apache/coyote/http11/AbstractInputBuffer.java;// FIXME: Check for null ?;03220081f331d3953dfa45b3c81eeb80f058c96a;YES;ADD NULL_CHECK
Tomcat;java/org/apache/catalina/core/ApplicationDispatcher.java;// KLUDGE - Make nested RD.forward() using invoker work;218951ee1294d434da86bc778e039e97319e60e1;NO;
Tomcat;java/org/apache/catalina/manager/util/SessionUtils.java;// This workaround for JDK 1.3 compatibility. For JDK 1.4+, use previous (commented) instanceof.;2b6b1a887c0137eb52a5a2fed127112fb238885f;NO;
Tomcat;test/org/apache/catalina/core/TestStandardContextResources.java;// FIXME: These tests are currently failing. See comment in testResources2() below.;3c51db764752958f1da65dc391cdb1f48b817479;YES;UNCOMMENTED CODE (removed if false)
Tomcat;test/org/apache/catalina/core/TestStandardContextResources.java;// FIXME: These tests are currently failing. // // I do not have a fix yet, but I know the following: // when trying to get "/resourceB.jsp" in ApplicationContext#getResource() // an Exception is caught and silently swallowed. That exception is // // java.lang.IllegalStateException: zip file closed // at java.util.jar.JarFile.getMetaInfEntryNames(Native Method) // at java.util.jar.JarFile.maybeInstantiateVerifier(JarFile.java:277) // at java.util.jar.JarFile.getInputStream(JarFile.java:381) // at org.apache.naming.resources.WARDirContext$WARResource.streamContent(WARDirContext.java:951) // at org.apache.naming.resources.ProxyDirContext.cacheLoad(ProxyDirContext.java:1578) // at org.apache.naming.resources.ProxyDirContext.cacheLookup(ProxyDirContext.java:1458) // at org.apache.naming.resources.ProxyDirContext.lookup(ProxyDirContext.java:292) // at org.apache.catalina.core.ApplicationContext.getResource(ApplicationContext.java:506) // at org.apache.catalina.core.ApplicationContextFacade.getResource(ApplicationContextFacade.java:196) // at org.apache.catalina.core.TestStandardContextResources$GetResourceServlet.doGet(TestStandardContextResources.java:126) //;3c51db764752958f1da65dc391cdb1f48b817479;YES;UNCOMMENTED CODE (removed if false)
Tomcat;java/org/apache/catalina/authenticator/AuthenticatorBase.java;// FIXME: These cause problems with downloading office docs // from IE under SSL and may not be needed for newer Mozilla // clients.;4161179d09a60625d9611aa12df87fad16acc6f2;NO;
Tomcat;java/org/apache/naming/resources/BaseDirContext.java;// TODO: Clean up;43387f5bafa93553d8ff5517d8445684eba1c6e9;NO;
Tomcat;java/org/apache/tomcat/util/net/AprEndpoint.java;// TODO: We can easly do the maintenance here;487f57db342d80ead1dd84488728514de0fe4f3e;NO;
Tomcat;java/org/apache/tomcat/util/net/AprEndpoint.java;// FIXME: should really close in case of timeout ? // FIXME: maybe comet should use an extended timeout;487f57db342d80ead1dd84488728514de0fe4f3e;NO;
Tomcat;test/org/apache/coyote/http2/Http2TestBase.java;// TODO: There may be other headers.;4a50266ac0269c43c77e8400530c820f3ca95d59;YES;CHANGE CONDITIONAL EXPRESSION
Tomcat;java/org/apache/catalina/connector/CoyoteAdapter.java;//TODO SERVLET3 - async //reset mapping data, should prolly be done elsewhere;4ed11efbddc0a18f2d660fe28d3b010c91e5180e;YES;REMOVE CODE
Tomcat;java/org/apache/tomcat/websocket/WsEndpointPojo.java;// TODO Insert the session into the method args;503e2f2ebcee4dbb05489537437a9fe667976e8e;YES;CHANGE CONDITIONAL EXPRESSION
Tomcat;java/org/apache/tomcat/websocket/WsEndpointPojo.java;// TODO Insert throwable;503e2f2ebcee4dbb05489537437a9fe667976e8e;NO;
Tomcat;java/org/apache/catalina/authenticator/SpnegoAuthenticator.java;// TODO This (and a lot of the surrounding code) needs to move // to RealmBase so authorisation will work. This is just a quick // hack to get authentication working.;577c4e6194b71a63be70725bb743c94c7cb082cc;YES;REMOVE CODE
Tomcat;java/org/apache/catalina/tribes/transport/ThreadPool.java;//temporary fix for thread hand off problem;58a4d0632809b618e9e373d99caf001315f5cdbc;YES;REMOVE CODE
Tomcat;java/org/apache/tomcat/util/net/AbstractJsseEndpoint.java;// TODO: Temp code until config refactoring is complete. Remove once // refactoring is complete.;5c2c6f359dcc255de2de4e2825deaa35e6e5847e;YES;REMOVE CODE
Tomcat;java/org/apache/jasper/compiler/Generator.java;// XXX ESC replacement hack;5ec1dab0748c49674eebc8cd94398b762aa370aa;YES;REMOVE CONTROL LOGIC
Tomcat;java/org/apache/jasper/compiler/Parser.java;// Looking for \% or \$ or \# // TODO: only recognize \$ or \# if isELIgnored is false, but since // it can be set in a page directive, it cannot be determined // here. Argh! (which is the way it should be since we shouldn't // convolude multiple steps at once and create confusing parsers...);5ec1dab0748c49674eebc8cd94398b762aa370aa;YES;CHANGE CONDITIONAL EXPRESSION
Tomcat;java/org/apache/jasper/compiler/Generator.java;// XXX hack: Replace ESC with '$';5ec1dab0748c49674eebc8cd94398b762aa370aa;NO;
Tomcat;java/org/apache/coyote/http2/Stream.java;// TODO: Handle default ports;a856a2bb7511d058d2e87af441ea0bc32ff976e3;YES;ADD PRE_CONDITION
Tomcat;java/org/apache/tomcat/util/net/NioEndpoint.java;// Hand this socket off to an appropriate processor //TODO FIXME - this is currently a blocking call, meaning we will be blocking //further accepts until there is a thread available.;a917b181695a06898c6202c68964adb88338b793;YES;CHANGE CONDITIONAL EXPRESSION
Tomcat;java/org/apache/catalina/tribes/tipis/AbstractReplicatedMap.java;//hack, somehow this is not being set above;b2556972776e9fa5e42643fd8f1afaedc96e0b41;NO;
Tomcat;java/org/apache/tomcat/util/net/AprEndpoint.java;// TODO: Temp code until config refactoring is complete. Remove once // refactoring is complete.;b8eeec9efa533bd869a41680abc9c01e10556580;YES;REMOVE CODE
Tomcat;java/org/apache/tomcat/websocket/PojoMessageHandlerBase.java;// TODO: Remove this once sendXxx is implemented?;b9badbb7d6d57f84337f7233feb35247442746e8;NO;
Tomcat;java/org/apache/catalina/tribes/tipis/AbstractReplicatedMap.java;// TODO no need to send the entry data.;bdafdb4a1284288717746ad13db69acc003c9165;YES;ADD CONTROL LOGIC
Tomcat;java/org/apache/catalina/webresources/Cache.java;// Don't cache resources used by the class loader (it has its own cache) // TODO. Review these exclusions once class loader resource handling is // complete;be469f5c52bc5df1fe132ce101b07160a604f0aa;YES;CHANGE CONDITIONAL EXPRESSION
Tomcat;java/org/apache/catalina/core/StandardContext.java;// Look for a realm - that may have been configured earlier. // If the realm is added after context - it'll set itself. // TODO: what is the use case for this ?;c169c761002186b131323bef30e433d4aec1b51c;YES;REMOVE CODE
Tomcat;java/org/apache/coyote/http2/Stream.java;// TODO: Do something with these headers;c8c543023a1fec555c96bc24ee3abf90ab4b023d;YES;ADD CONTROL LOGIC